#
# There is insufficient memory for the Java Runtime Environment to continue.
# Native memory allocation (mmap) failed to map 65536 bytes. Error detail: Failed to commit metaspace.
# Possible reasons:
#   The system is out of physical RAM or swap space
#   This process is running with CompressedOops enabled, and the Java Heap may be blocking the growth of the native heap
# Possible solutions:
#   Reduce memory load on the system
#   Increase physical memory or swap space
#   Check if swap backing store is full
#   Decrease Java heap size (-Xmx/-Xms)
#   Decrease number of Java threads
#   Decrease Java thread stack sizes (-Xss)
#   Set larger code cache with -XX:ReservedCodeCacheSize=
#   JVM is running with Zero Based Compressed Oops mode in which the Java heap is
#     placed in the first 32GB address space. The Java Heap base address is the
#     maximum limit for the native heap growth. Please use -XX:HeapBaseMinAddress
#     to set the Java Heap base and to place the Java Heap above 32GB virtual address.
# This output file may be truncated or incomplete.
#
#  Out of Memory Error (virtualSpaceNode.cpp:110), pid=29364, tid=35272
#
# JRE version: OpenJDK Runtime Environment Temurin-17.0.17+10 (17.0.17+10) (build 17.0.17+10)
# Java VM: OpenJDK 64-Bit Server VM Temurin-17.0.17+10 (17.0.17+10, mixed mode, emulated-client, sharing, tiered, compressed oops, compressed class ptrs, g1 gc, windows-amd64)
# No core dump will be written. Minidumps are not enabled by default on client versions of Windows
#

---------------  S U M M A R Y ------------

Command Line: -agentlib:jdwp=transport=dt_socket,address=127.0.0.1:51360,suspend=y,server=n -javaagent:C:\Users\86150\AppData\Local\JetBrains\IntelliJIdea2025.2\captureAgent\debugger-agent.jar=file:///C:/Users/86150/AppData/Local/Temp/capture852989452311310030.props -agentpath:C:\Users\86150\AppData\Local\Temp\idea_libasyncProfiler_dll_temp_folder7\libasyncProfiler.dll=version,jfr,event=wall,interval=10ms,cstack=no,file=C:\Users\86150\IdeaSnapshots\FileServerApplication_2026_04_10_163942.jfr,dbghelppath=C:\Users\86150\AppData\Local\Temp\idea_dbghelp_dll_temp_folder\dbghelp.dll,log=C:\Users\86150\AppData\Local\Temp\FileServerApplication_2026_04_10_163942.jfr.log.txt,logLevel=DEBUG -XX:TieredStopAtLevel=1 -Dspring.output.ansi.enabled=always -Dcom.sun.management.jmxremote -Dspring.jmx.enabled=true -Dspring.liveBeansView.mbeanDomain -Dspring.application.admin.enabled=true -Dmanagement.endpoints.jmx.exposure.include=* -Dkotlinx.coroutines.debug.enable.creation.stack.trace=false -Ddebugger.agent.enable.coroutines=true -Dkotlinx.coroutines.debug.enable.flows.stack.trace=true -Dkotlinx.coroutines.debug.enable.mutable.state.flows.stack.trace=true -Dfile.encoding=UTF-8 com.liuyi.file.FileServerApplication

Host: AMD Ryzen 7 6800H with Radeon Graphics         , 16 cores, 13G,  Windows 11 , 64 bit Build 22621 (10.0.22621.5415)
Time: Fri Apr 10 16:39:51 2026  Windows 11 , 64 bit Build 22621 (10.0.22621.5415) elapsed time: 8.888542 seconds (0d 0h 0m 8s)

---------------  T H R E A D  ---------------

Current thread (0x000001f3fe19b850):  JavaThread "main" [_thread_in_vm, id=35272, stack(0x00000098d5f00000,0x00000098d6000000)]

Stack: [0x00000098d5f00000,0x00000098d6000000]
Native frames: (J=compiled Java code, j=interpreted, Vv=VM code, C=native code)
V  [jvm.dll+0x683fb9]
V  [jvm.dll+0x83a1b5]
V  [jvm.dll+0x83bc2e]
V  [jvm.dll+0x83c2b3]
V  [jvm.dll+0x248eff]
V  [jvm.dll+0x835f9d]
V  [jvm.dll+0x628abd]
V  [jvm.dll+0x1c0710]
V  [jvm.dll+0x62b432]
V  [jvm.dll+0x629476]
V  [jvm.dll+0x2467cd]
V  [jvm.dll+0x6da7ad]
V  [jvm.dll+0x6db19f]
V  [jvm.dll+0x3757c2]
V  [jvm.dll+0x374834]
V  [jvm.dll+0x3747d8]
V  [jvm.dll+0x38488a]
C  0x000001f3882e5844

The last pc belongs to new (printed below).
Java frames: (J=compiled Java code, j=interpreted, Vv=VM code)
j  com.alibaba.nacos.client.naming.remote.NamingClientProxyDelegate.<init>(Ljava/lang/String;Lcom/alibaba/nacos/client/naming/cache/ServiceInfoHolder;Lcom/alibaba/nacos/client/env/NacosClientProperties;Lcom/alibaba/nacos/client/naming/event/InstancesChangeNotifier;)V+68
j  com.alibaba.nacos.client.naming.NacosNamingService.init(Ljava/util/Properties;)V+113
j  com.alibaba.nacos.client.naming.NacosNamingService.<init>(Ljava/util/Properties;)V+6
v  ~StubRoutines::call_stub
J 1173  jdk.internal.reflect.NativeConstructorAccessorImpl.newInstance0(Ljava/lang/reflect/Constructor;[Ljava/lang/Object;)Ljava/lang/Object; java.base@17.0.17 (0 bytes) @ 0x000001f38871e12e [0x000001f38871e0c0+0x000000000000006e]
J 1601 c1 jdk.internal.reflect.NativeConstructorAccessorImpl.newInstance([Ljava/lang/Object;)Ljava/lang/Object; java.base@17.0.17 (122 bytes) @ 0x000001f388886fec [0x000001f388886d00+0x00000000000002ec]
J 1426 c1 jdk.internal.reflect.DelegatingConstructorAccessorImpl.newInstance([Ljava/lang/Object;)Ljava/lang/Object; java.base@17.0.17 (9 bytes) @ 0x000001f38882b01c [0x000001f38882afc0+0x000000000000005c]
J 1364 c1 java.lang.reflect.Constructor.newInstanceWithCaller([Ljava/lang/Object;ZLjava/lang/Class;)Ljava/lang/Object; java.base@17.0.17 (75 bytes) @ 0x000001f388809fc4 [0x000001f388809ee0+0x00000000000000e4]
J 1419 c1 java.lang.reflect.Constructor.newInstance([Ljava/lang/Object;)Ljava/lang/Object; java.base@17.0.17 (34 bytes) @ 0x000001f388822364 [0x000001f3888222c0+0x00000000000000a4]
j  com.alibaba.nacos.api.naming.NamingFactory.createNamingService(Ljava/util/Properties;)Lcom/alibaba/nacos/api/naming/NamingService;+29
j  com.alibaba.nacos.api.NacosFactory.createNamingService(Ljava/util/Properties;)Lcom/alibaba/nacos/api/naming/NamingService;+1
j  com.alibaba.cloud.nacos.NacosServiceManager.createNewNamingService(Ljava/util/Properties;)Lcom/alibaba/nacos/api/naming/NamingService;+1
j  com.alibaba.cloud.nacos.NacosServiceManager.buildNamingService(Ljava/util/Properties;)Lcom/alibaba/nacos/api/naming/NamingService;+28
j  com.alibaba.cloud.nacos.NacosServiceManager.getNamingService()Lcom/alibaba/nacos/api/naming/NamingService;+18
j  com.alibaba.cloud.nacos.registry.NacosServiceRegistry.namingService()Lcom/alibaba/nacos/api/naming/NamingService;+4
j  com.alibaba.cloud.nacos.registry.NacosServiceRegistry.register(Lorg/springframework/cloud/client/serviceregistry/Registration;)V+24
j  org.springframework.cloud.client.serviceregistry.AbstractAutoServiceRegistration.register()V+8
j  com.alibaba.cloud.nacos.registry.NacosAutoServiceRegistration.register()V+49
j  org.springframework.cloud.client.serviceregistry.AbstractAutoServiceRegistration.start()V+76
j  org.springframework.cloud.client.serviceregistry.AbstractAutoServiceRegistration.onApplicationEvent(Lorg/springframework/boot/web/context/WebServerInitializedEvent;)V+49
j  org.springframework.cloud.client.serviceregistry.AbstractAutoServiceRegistration.onApplicationEvent(Lorg/springframework/context/ApplicationEvent;)V+5
j  org.springframework.context.event.SimpleApplicationEventMulticaster.doInvokeListener(Lorg/springframework/context/ApplicationListener;Lorg/springframework/context/ApplicationEvent;)V+2
j  org.springframework.context.event.SimpleApplicationEventMulticaster.invokeListener(Lorg/springframework/context/ApplicationListener;Lorg/springframework/context/ApplicationEvent;)V+34
j  org.springframework.context.event.SimpleApplicationEventMulticaster.multicastEvent(Lorg/springframework/context/ApplicationEvent;Lorg/springframework/core/ResolvableType;)V+104
j  org.springframework.context.support.AbstractApplicationContext.publishEvent(Ljava/lang/Object;Lorg/springframework/core/ResolvableType;)V+122
j  org.springframework.context.support.AbstractApplicationContext.publishEvent(Lorg/springframework/context/ApplicationEvent;)V+3
j  org.springframework.boot.web.servlet.context.WebServerStartStopLifecycle.start()V+33
j  org.springframework.context.support.DefaultLifecycleProcessor.doStart(Ljava/lang/String;Lorg/springframework/context/Lifecycle;)V+35
j  org.springframework.context.support.DefaultLifecycleProcessor.doStart(Ljava/util/Map;Ljava/lang/String;ZLjava/util/List;)V+137
j  org.springframework.context.support.DefaultLifecycleProcessor$LifecycleGroup.start()V+125
j  org.springframework.context.support.DefaultLifecycleProcessor$$Lambda$1292+0x000001f3997c55f0.accept(Ljava/lang/Object;)V+4
j  java.lang.Iterable.forEach(Ljava/util/function/Consumer;)V+30 java.base@17.0.17
j  org.springframework.context.support.DefaultLifecycleProcessor.startBeans(Z)V+48
j  org.springframework.context.support.DefaultLifecycleProcessor.onRefresh()V+41
j  org.springframework.context.support.AbstractApplicationContext.finishRefresh()V+16
j  org.springframework.context.support.AbstractApplicationContext.refresh()V+98
j  org.springframework.boot.web.servlet.context.ServletWebServerApplicationContext.refresh()V+1
j  org.springframework.boot.SpringApplication.refresh(Lorg/springframework/context/ConfigurableApplicationContext;)V+1
j  org.springframework.boot.SpringApplication.refreshContext(Lorg/springframework/context/ConfigurableApplicationContext;)V+19
j  org.springframework.boot.SpringApplication.run([Ljava/lang/String;)Lorg/springframework/context/ConfigurableApplicationContext;+113
j  org.springframework.boot.SpringApplication.run([Ljava/lang/Class;[Ljava/lang/String;)Lorg/springframework/context/ConfigurableApplicationContext;+9
j  org.springframework.boot.SpringApplication.run(Ljava/lang/Class;[Ljava/lang/String;)Lorg/springframework/context/ConfigurableApplicationContext;+9
j  com.liuyi.file.FileServerApplication.main([Ljava/lang/String;)V+3
v  ~StubRoutines::call_stub
new  187 new  [0x000001f3882e56a0, 0x000001f3882e5980]  736 bytes
[MachCode]
  0x000001f3882e56a0: 4883 ec08 | c5fa 1104 | 24eb 1f48 | 83ec 10c5 | fb11 0424 | eb14 4883 | ec10 4889 | 0424 48c7 
  0x000001f3882e56c0: 4424 0800 | 0000 00eb | 0150 410f | b755 010f | cac1 ea10 | 488b 4de8 | 488b 4908 | 488b 4908 
  0x000001f3882e56e0: 488b 4108 | 807c 1004 | 070f 85df | 0000 0066 | 8b54 d148 | 488b 4928 | 488b 4cd1 | 0851 80b9 
  0x000001f3882e5700: 3301 0000 | 040f 85c2 | 0000 008b | 5108 f7c2 | 0100 0000 | 0f85 b300 | 0000 498b | 8708 0100 
  0x000001f3882e5720: 0048 8d1c | 1049 3b9f | 1801 0000 | 0f87 9b00 | 0000 4989 | 9f08 0100 | 00e9 0000 | 0000 4883 
  0x000001f3882e5740: ea10 0f84 | 0f00 0000 | 33c9 c1ea | 0348 894c | d008 48ff | ca75 f648 | c700 0100 | 0000 5933 
  0x000001f3882e5760: f689 700c | 49ba 0000 | 0098 f301 | 0000 492b | ca89 4808 | 49ba d6c6 | e670 fc7f | 0000 4180 
  0x000001f3882e5780: 3a00 0f84 | 4000 0000 | 5048 8bc8 | 4883 ec20 | f7c4 0f00 | 0000 0f84 | 1a00 0000 | 4883 ec08 
  0x000001f3882e57a0: 49ba 3099 | 9c70 fc7f | 0000 41ff | d248 83c4 | 08e9 0d00 | 0000 49ba | 3099 9c70 | fc7f 0000 
  0x000001f3882e57c0: 41ff d248 | 83c4 2058 | e992 0100 | 0059 488b | 55e8 488b | 5208 488b | 5208 450f | b745 0141 
  0x000001f3882e57e0: 0fc8 41c1 | e810 e805 | 0000 00e9 | 6f01 0000 | 488d 4424 | 084c 896d | c049 8bcf | c5f8 7749 
  0x000001f3882e5800: 89af a802 | 0000 4989 | 8798 0200 | 0048 83ec | 20f7 c40f | 0000 000f | 841a 0000 | 0048 83ec 
  0x000001f3882e5820: 0849 ba00 | 4866 70fc | 7f00 0041 | ffd2 4883 | c408 e90d | 0000 0049 | ba00 4866 | 70fc 7f00 
  0x000001f3882e5840: 0041 ffd2 | 4883 c420 | 49c7 8798 | 0200 0000 | 0000 0049 | c787 a802 | 0000 0000 | 0000 49c7 
  0x000001f3882e5860: 87a0 0200 | 0000 0000 | 00c5 f877 | 418b 8f04 | 0400 00f7 | c101 0000 | 000f 8449 | 0000 00f7 
  0x000001f3882e5880: c102 0000 | 000f 853d | 0000 0048 | 83ec 20f7 | c40f 0000 | 000f 841a | 0000 0048 | 83ec 0849 
  0x000001f3882e58a0: ba90 2266 | 70fc 7f00 | 0041 ffd2 | 4883 c408 | e90d 0000 | 0049 ba90 | 2266 70fc | 7f00 0041 
  0x000001f3882e58c0: ffd2 4883 | c420 ffe0 | 498b 8f88 | 0400 0048 | 85c9 0f84 | 5900 0000 | 8b89 8c00 | 0000 83f9 
  0x000001f3882e58e0: 010f 854a | 0000 0049 | 8b8f 8804 | 0000 8b89 | 9000 0000 | 4883 ec20 | f7c4 0f00 | 0000 0f84 
  0x000001f3882e5900: 1a00 0000 | 4883 ec08 | 49ba 8022 | 6670 fc7f | 0000 41ff | d248 83c4 | 08e9 0d00 | 0000 49ba 
  0x000001f3882e5920: 8022 6670 | fc7f 0000 | 41ff d248 | 83c4 20ff | e049 817f | 0800 0000 | 000f 8405 | 0000 00e9 
  0x000001f3882e5940: bcb5 fdff | 498b 87f0 | 0200 0049 | c787 f002 | 0000 0000 | 0000 4c8b | 6dc0 4c8b | 75c8 c341 
  0x000001f3882e5960: 0fb6 5d03 | 4983 c503 | 49ba 6037 | e970 fc7f | 0000 41ff | 24da 6690 | 0000 0000 | 0000 0000 
[/MachCode]

Compiled method (n/a) 8927 1173     n 0       jdk.internal.reflect.NativeConstructorAccessorImpl::newInstance0 (native)
 total in heap  [0x000001f38871df10,0x000001f38871e3b8] = 1192
 relocation     [0x000001f38871e070,0x000001f38871e0a8] = 56
 main code      [0x000001f38871e0c0,0x000001f38871e3b8] = 760

[Constant Pool (empty)]

[MachCode]
[Entry Point]
  # {method} {0x000001f3980c3b58} 'newInstance0' '(Ljava/lang/reflect/Constructor;[Ljava/lang/Object;)Ljava/lang/Object;' in 'jdk/internal/reflect/NativeConstructorAccessorImpl'
  # parm0:    rdx:rdx   = 'java/lang/reflect/Constructor'
  # parm1:    r8:r8     = '[Ljava/lang/Object;'
  #           [sp+0x70]  (sp of caller)
  0x000001f38871e0c0: 448b 5208 | 49bb 0000 | 0098 f301 | 0000 4d03 | d349 3bc2 | 0f84 0600 

  0x000001f38871e0d8: ;   {runtime_call ic_miss_stub}
  0x000001f38871e0d8: 0000 e9a1 | 2fbf ff90 
[Verified Entry Point]
  0x000001f38871e0e0: 8984 2400 | 90ff ff55 | 488b ec48 | 83ec 604c | 8944 2428 | 4983 f800 | 4c8d 4c24 | 284c 0f44 
  0x000001f38871e100: 4c24 2848 | 8954 2420 | 4883 fa00 | 4c8d 4424 | 204c 0f44 

  0x000001f38871e114: ;   {oop(a 'java/lang/Class'{0x0000000725aee038} = 'jdk/internal/reflect/NativeConstructorAccessorImpl')}
  0x000001f38871e114: 4424 2049 | be38 e0ae | 2507 0000 | 004c 8974 | 2450 4c8d | 7424 5049 | 8bd6 c5f8 

  0x000001f38871e130: ;   {internal_word}
  0x000001f38871e130: 7749 ba2e | e171 88f3 | 0100 004d | 8997 a002 | 0000 4989 | a798 0200 

  0x000001f38871e148: ;   {external_word}
  0x000001f38871e148: 0049 bad5 | c6e6 70fc | 7f00 0041 | 803a 000f | 8452 0000 | 0052 4150 

  0x000001f38871e160: ;   {metadata({method} {0x000001f3980c3b58} 'newInstance0' '(Ljava/lang/reflect/Constructor;[Ljava/lang/Object;)Ljava/lang/Object;' in 'jdk/internal/reflect/NativeConstructorAccessorImpl')}
  0x000001f38871e160: 4151 48ba | 503b 0c98 | f301 0000 | 498b cf48 | 83ec 20f7 | c40f 0000 | 000f 841a | 0000 0048 
  0x000001f38871e180: ;   {runtime_call}
  0x000001f38871e180: 83ec 0849 | ba10 999c | 70fc 7f00 | 0041 ffd2 | 4883 c408 | e90d 0000 

  0x000001f38871e198: ;   {runtime_call}
  0x000001f38871e198: 0049 ba10 | 999c 70fc | 7f00 0041 | ffd2 4883 | c420 4159 | 4158 5a49 | 8d8f b802 | 0000 41c7 
  0x000001f38871e1b8: 8740 0300 | 0004 0000 

  0x000001f38871e1c0: ;   {runtime_call}
  0x000001f38871e1c0: 0049 bafc | 3de8 6ffc | 7f00 0041 | ffd2 c5f8 | 7741 c787 | 4003 0000 | 0500 0000 | f083 4424 
  0x000001f38871e1e0: c000 493b | af48 0300 | 000f 8711 | 0000 0041 | 81bf 3003 | 0000 0000 | 0000 0f84 | 2c00 0000 
  0x000001f38871e200: c5f8 7748 | 8945 f849 | 8bcf 4c8b | e448 83ec | 2048 83e4 

  0x000001f38871e214: ;   {runtime_call}
  0x000001f38871e214: f049 ba00 | a9ac 70fc | 7f00 0041 | ffd2 498b | e44d 33e4 | 488b 45f8 | 41c7 8740 | 0300 0008 
  0x000001f38871e234: 0000 0041 | 81bf b003 | 0000 0200 | 0000 0f84 | 3f01 0000 

  0x000001f38871e248: ;   {external_word}
  0x000001f38871e248: 49ba d5c6 | e670 fc7f | 0000 4180 | 3a00 0f84 | 5000 0000 | 4889 45f8 

  0x000001f38871e260: ;   {metadata({method} {0x000001f3980c3b58} 'newInstance0' '(Ljava/lang/reflect/Constructor;[Ljava/lang/Object;)Ljava/lang/Object;' in 'jdk/internal/reflect/NativeConstructorAccessorImpl')}
  0x000001f38871e260: 48ba 503b | 0c98 f301 | 0000 498b | cf48 83ec | 20f7 c40f | 0000 000f | 841a 0000 | 0048 83ec 
  0x000001f38871e280: ;   {runtime_call}
  0x000001f38871e280: 0849 ba10 | 999c 70fc | 7f00 0041 | ffd2 4883 | c408 e90d 

  0x000001f38871e294: ;   {runtime_call}
  0x000001f38871e294: 0000 0049 | ba10 999c | 70fc 7f00 | 0041 ffd2 | 4883 c420 | 488b 45f8 | 49c7 8798 | 0200 0000 
  0x000001f38871e2b4: 0000 0049 | c787 a002 | 0000 0000 | 0000 c5f8 | 7748 85c0 | 0f84 9300 | 0000 48f7 | c001 0000 
  0x000001f38871e2d4: 000f 8483 | 0000 0048 | 8b40 ff41 | 807f 3800 | 0f84 6f00 | 0000 4883 | f800 0f84 | 6500 0000 
  0x000001f38871e2f4: 498b 4f20 | 4883 f900 | 0f84 1400 | 0000 4883 | e908 4989 | 4f20 4903 | 4f30 4889 | 01e9 4300 
  0x000001f38871e314: 0000 5049 | 8bd7 488b | c848 83ec | 20f7 c40f | 0000 000f | 841a 0000 | 0048 83ec 

  0x000001f38871e330: ;   {runtime_call}
  0x000001f38871e330: 0849 ba60 | 695b 70fc | 7f00 0041 | ffd2 4883 | c408 e90d 

  0x000001f38871e344: ;   {runtime_call}
  0x000001f38871e344: 0000 0049 | ba60 695b | 70fc 7f00 | 0041 ffd2 | 4883 c420 | 58e9 0300 | 0000 488b | 0049 8b8f 
  0x000001f38871e364: d800 0000 | c781 0001 | 0000 0000 | 0000 c949 | 817f 0800 | 0000 000f | 8501 0000 

  0x000001f38871e380: ;   {runtime_call StubRoutines (1)}
  0x000001f38871e380: 00c3 e979 | 2bba ffc5 | f877 4889 | 45f8 4c8b | e448 83ec | 2048 83e4 

  0x000001f38871e398: ;   {runtime_call}
  0x000001f38871e398: f049 ba00 | ca9c 70fc | 7f00 0041 | ffd2 498b | e44d 33e4 | 488b 45f8 | e993 feff | fff4 f4f4 
[/MachCode]


Compiled method (c1) 8949 1601   !   1       jdk.internal.reflect.NativeConstructorAccessorImpl::newInstance (122 bytes)
 total in heap  [0x000001f388886b10,0x000001f388887968] = 3672
 relocation     [0x000001f388886c70,0x000001f388886d00] = 144
 main code      [0x000001f388886d00,0x000001f3888871a0] = 1184
 stub code      [0x000001f3888871a0,0x000001f388887228] = 136
 metadata       [0x000001f388887228,0x000001f388887288] = 96
 scopes data    [0x000001f388887288,0x000001f388887458] = 464
 scopes pcs     [0x000001f388887458,0x000001f3888877e8] = 912
 dependencies   [0x000001f3888877e8,0x000001f388887808] = 32
 handler table  [0x000001f388887808,0x000001f388887928] = 288
 nul chk table  [0x000001f388887928,0x000001f388887968] = 64

[Constant Pool (empty)]

[MachCode]
[Entry Point]
  # {method} {0x000001f3980c3668} 'newInstance' '([Ljava/lang/Object;)Ljava/lang/Object;' in 'jdk/internal/reflect/NativeConstructorAccessorImpl'
  # this:     rdx:rdx   = 'jdk/internal/reflect/NativeConstructorAccessorImpl'
  # parm0:    r8:r8     = '[Ljava/lang/Object;'
  #           [sp+0xc0]  (sp of caller)
  0x000001f388886d00: 448b 5208 | 49bb 0000 | 0098 f301 | 0000 4d03 | d34c 3bd0 

  0x000001f388886d14: ;   {runtime_call ic_miss_stub}
  0x000001f388886d14: 0f85 66a3 | a8ff 660f | 1f44 0000 
[Verified Entry Point]
  0x000001f388886d20: 8984 2400 | 90ff ff55 | 4881 ecb0 

  0x000001f388886d2c: ;*aload_0 {reexecute=0 rethrow=0 return_oop=0}
                      ; - jdk.internal.reflect.NativeConstructorAccessorImpl::newInstance@0 (line 58)
  0x000001f388886d2c: 0000 0048 | 8954 2468 

  0x000001f388886d34: ;*getfield numInvocations {reexecute=0 rethrow=0 return_oop=0}
                      ; - jdk.internal.reflect.NativeConstructorAccessorImpl::newInstance@2 (line 58)
  0x000001f388886d34: 8b72 0cff 

  0x000001f388886d38: ;*putfield numInvocations {reexecute=0 rethrow=0 return_oop=0}
                      ; - jdk.internal.reflect.NativeConstructorAccessorImpl::newInstance@8 (line 58)
  0x000001f388886d38: c689 720c 

  0x000001f388886d3c: ;   {oop(a 'java/lang/Class'{0x00000007250a5078} = 'jdk/internal/reflect/ReflectionFactory')}
  0x000001f388886d3c: 48bf 7850 | 0a25 0700 | 0000 8b7f 

  0x000001f388886d48: ;*getstatic inflationThreshold {reexecute=0 rethrow=0 return_oop=0}
                      ; - jdk.internal.reflect.ReflectionFactory::inflationThreshold@0 (line 632)
                      ; - jdk.internal.reflect.NativeConstructorAccessorImpl::newInstance@11 (line 58)
  0x000001f388886d48: 783b f74c | 8944 2470 | 0f8f 0800 

  0x000001f388886d54: ;*if_icmple {reexecute=0 rethrow=0 return_oop=0}
                      ; - jdk.internal.reflect.NativeConstructorAccessorImpl::newInstance@14 (line 58)
  0x000001f388886d54: 0000 488b | f2e9 7602 

  0x000001f388886d5c: ;*aload_0 {reexecute=0 rethrow=0 return_oop=0}
                      ; - jdk.internal.reflect.NativeConstructorAccessorImpl::newInstance@113 (line 77)
  0x000001f388886d5c: 0000 8b72 | 1448 c1e6 

  0x000001f388886d64: ;*getfield c {reexecute=0 rethrow=0 return_oop=0}
                      ; - jdk.internal.reflect.NativeConstructorAccessorImpl::newInstance@18 (line 58)
  0x000001f388886d64: 038b 7624 

  0x000001f388886d68: ;*getfield clazz {reexecute=0 rethrow=0 return_oop=0}
                      ; - java.lang.reflect.Constructor::getDeclaringClass@1 (line 213)
                      ; - jdk.internal.reflect.NativeConstructorAccessorImpl::newInstance@21 (line 59)
  0x000001f388886d68: 48c1 e603 

  0x000001f388886d6c: ; implicit exception: dispatches to 0x000001f38888704b
  0x000001f388886d6c: 483b 0648 

  0x000001f388886d70: ;*invokevirtual isHidden {reexecute=0 rethrow=0 return_oop=0}
                      ; - jdk.internal.reflect.NativeConstructorAccessorImpl::newInstance@24 (line 59)
  0x000001f388886d70: 8bd6 0f1f 

  0x000001f388886d74: ;   {optimized virtual_call}
  0x000001f388886d74: 4400 00e8 

  0x000001f388886d78: ; ImmutableOopMap {[112]=Oop [104]=Oop }
                      ;*invokevirtual isHidden {reexecute=0 rethrow=0 return_oop=0}
                      ; - jdk.internal.reflect.NativeConstructorAccessorImpl::newInstance@24 (line 59)
  0x000001f388886d78: c42b d8ff | 83f8 000f | 840a 0000 

  0x000001f388886d84: ;*ifne {reexecute=0 rethrow=0 return_oop=0}
                      ; - jdk.internal.reflect.NativeConstructorAccessorImpl::newInstance@27 (line 59)
  0x000001f388886d84: 0048 8b74 | 2468 e945 

  0x000001f388886d8c: ;*aload_0 {reexecute=0 rethrow=0 return_oop=0}
                      ; - jdk.internal.reflect.NativeConstructorAccessorImpl::newInstance@113 (line 77)
  0x000001f388886d8c: 0200 0048 | 8b54 2468 

  0x000001f388886d94: ;*getfield generated {reexecute=0 rethrow=0 return_oop=0}
                      ; - jdk.internal.reflect.NativeConstructorAccessorImpl::newInstance@31 (line 59)
  0x000001f388886d94: 8b42 1083 | f800 0f84 

  0x000001f388886d9c: ;*ifne {reexecute=0 rethrow=0 return_oop=0}
                      ; - jdk.internal.reflect.NativeConstructorAccessorImpl::newInstance@34 (line 59)
  0x000001f388886d9c: 0800 0000 | 488b f2e9 

  0x000001f388886da4: ;*aload_0 {reexecute=0 rethrow=0 return_oop=0}
                      ; - jdk.internal.reflect.NativeConstructorAccessorImpl::newInstance@113 (line 77)
  0x000001f388886da4: 2c02 0000 | 488d 7210 | b800 0000 | 00bf 0100 | 0000 f00f | b13e be01 | 0000 000f | 8405 0000 
  0x000001f388886dc4: 00be 0000 

  0x000001f388886dc8: ;*invokevirtual compareAndSetInt {reexecute=0 rethrow=0 return_oop=0}
                      ; - jdk.internal.reflect.NativeConstructorAccessorImpl::newInstance@46 (line 61)
  0x000001f388886dc8: 0000 83fe | 000f 8508 

  0x000001f388886dd0: ;*ifeq {reexecute=0 rethrow=0 return_oop=0}
                      ; - jdk.internal.reflect.NativeConstructorAccessorImpl::newInstance@49 (line 61)
  0x000001f388886dd0: 0000 0048 | 8bf2 e9f9 

  0x000001f388886dd8: ;*aload_0 {reexecute=0 rethrow=0 return_oop=0}
                      ; - jdk.internal.reflect.NativeConstructorAccessorImpl::newInstance@113 (line 77)
  0x000001f388886dd8: 0100 0048 

  0x000001f388886ddc: ;   {metadata('jdk/internal/reflect/MethodAccessorGenerator')}
  0x000001f388886ddc: 8bda 48ba | d0ae 0899 | f301 0000 | 498b 8708 | 0100 0048 | 8db8 9000 | 0000 493b | bf18 0100 
  0x000001f388886dfc: 000f 874d | 0200 0049 | 89bf 0801 | 0000 48c7 | 0001 0000 | 0048 8bca | 49ba 0000 | 0098 f301 
  0x000001f388886e1c: 0000 492b | ca89 4808 | 4833 c989 | 480c 4833 | c948 bf10 | 0000 0000 | 0000 0048 | 894c f808 
  0x000001f388886e3c: 48ff cf75 

  0x000001f388886e40: ;*new {reexecute=0 rethrow=0 return_oop=0}
                      ; - jdk.internal.reflect.NativeConstructorAccessorImpl::newInstance@52 (line 63)
  0x000001f388886e40: f6ba 1e00 | 0000 6689 

  0x000001f388886e48: ;*putfield NUM_COMMON_CPOOL_ENTRIES {reexecute=0 rethrow=0 return_oop=0}
                      ; - jdk.internal.reflect.AccessorGenerator::<init>@7 (line 98)
                      ; - jdk.internal.reflect.MethodAccessorGenerator::<init>@1 (line 64)
                      ; - jdk.internal.reflect.NativeConstructorAccessorImpl::newInstance@56 (line 63)
  0x000001f388886e48: 506a ba49 | 0000 0066 

  0x000001f388886e50: ;*putfield NUM_BOXING_CPOOL_ENTRIES {reexecute=0 rethrow=0 return_oop=0}
                      ; - jdk.internal.reflect.AccessorGenerator::<init>@13 (line 99)
                      ; - jdk.internal.reflect.MethodAccessorGenerator::<init>@1 (line 64)
                      ; - jdk.internal.reflect.NativeConstructorAccessorImpl::newInstance@56 (line 63)
  0x000001f388886e50: 8950 6c8b | 7314 48c1 

  0x000001f388886e58: ;*getfield c {reexecute=0 rethrow=0 return_oop=0}
                      ; - jdk.internal.reflect.NativeConstructorAccessorImpl::newInstance@60 (line 63)
  0x000001f388886e58: e603 8b7e | 2448 c1e7 

  0x000001f388886e60: ;*getfield clazz {reexecute=0 rethrow=0 return_oop=0}
                      ; - java.lang.reflect.Constructor::getDeclaringClass@1 (line 213)
                      ; - jdk.internal.reflect.NativeConstructorAccessorImpl::newInstance@63 (line 65)
  0x000001f388886e60: 038b 5628 

  0x000001f388886e64: ;*getfield parameterTypes {reexecute=0 rethrow=0 return_oop=0}
                      ; - java.lang.reflect.Constructor::getParameterTypes@1 (line 264)
                      ; - jdk.internal.reflect.NativeConstructorAccessorImpl::newInstance@70 (line 66)
  0x000001f388886e64: 48c1 e203 | 4889 b424 | 8800 0000 | 4889 8424 | 8000 0000 | 4889 7c24 | 7848 b878 | 1c00 98f3 
  0x000001f388886e84: ;   {virtual_call}
  0x000001f388886e84: 0100 00e8 

  0x000001f388886e88: ; ImmutableOopMap {[112]=Oop [120]=Oop [136]=Oop [128]=Oop [104]=Oop }
                      ;*invokevirtual clone {reexecute=0 rethrow=0 return_oop=0}
                      ; - java.lang.reflect.Constructor::getParameterTypes@4 (line 264)
                      ; - jdk.internal.reflect.NativeConstructorAccessorImpl::newInstance@70 (line 66)
  0x000001f388886e88: 34a8 b6ff | 4883 f800 | 0f84 2900 

  0x000001f388886e94: ;   {metadata('java/lang/Class'[])}
  0x000001f388886e94: 0000 48bb | 781c 0098 | f301 0000 | 8b78 0849 | ba00 0000 | 98f3 0100 | 0049 03fa | 483b 5f40 
  0x000001f388886eb4: 0f85 a801 | 0000 e900 | 0000 0048 

  0x000001f388886ec0: ;*checkcast {reexecute=0 rethrow=0 return_oop=0}
                      ; - java.lang.reflect.Constructor::getParameterTypes@7 (line 264)
                      ; - jdk.internal.reflect.NativeConstructorAccessorImpl::newInstance@70 (line 66)
  0x000001f388886ec0: 8bf0 488b | 5424 688b | 7a14 48c1 

  0x000001f388886ecc: ;*getfield c {reexecute=0 rethrow=0 return_oop=0}
                      ; - jdk.internal.reflect.NativeConstructorAccessorImpl::newInstance@74 (line 66)
  0x000001f388886ecc: e703 8b5f | 2c48 c1e3 

  0x000001f388886ed4: ;*getfield exceptionTypes {reexecute=0 rethrow=0 return_oop=0}
                      ; - java.lang.reflect.Constructor::getExceptionTypes@1 (line 290)
                      ; - jdk.internal.reflect.NativeConstructorAccessorImpl::newInstance@77 (line 67)
  0x000001f388886ed4: 0348 8bd3 | 4889 bc24 | 9800 0000 | 4889 b424 | 9000 0000 | 0f1f 4400 | 0048 b878 | 1c00 98f3 
  0x000001f388886ef4: ;   {virtual_call}
  0x000001f388886ef4: 0100 00e8 

  0x000001f388886ef8: ; ImmutableOopMap {[112]=Oop [120]=Oop [128]=Oop [104]=Oop [152]=Oop [144]=Oop }
                      ;*invokevirtual clone {reexecute=0 rethrow=0 return_oop=0}
                      ; - java.lang.reflect.Constructor::getExceptionTypes@4 (line 290)
                      ; - jdk.internal.reflect.NativeConstructorAccessorImpl::newInstance@77 (line 67)
  0x000001f388886ef8: c4a7 b6ff | 4883 f800 | 0f84 2a00 

  0x000001f388886f04: ;   {metadata('java/lang/Class'[])}
  0x000001f388886f04: 0000 48be | 781c 0098 | f301 0000 | 448b 4808 | 49ba 0000 | 0098 f301 | 0000 4d03 | ca49 3b71 
  0x000001f388886f24: 400f 8545 | 0100 00e9 | 0000 0000 

  0x000001f388886f30: ;*checkcast {reexecute=0 rethrow=0 return_oop=0}
                      ; - java.lang.reflect.Constructor::getExceptionTypes@7 (line 290)
                      ; - jdk.internal.reflect.NativeConstructorAccessorImpl::newInstance@77 (line 67)
  0x000001f388886f30: 488b f848 | 8b54 2468 | 448b 4214 

  0x000001f388886f3c: ;*getfield c {reexecute=0 rethrow=0 return_oop=0}
                      ; - jdk.internal.reflect.NativeConstructorAccessorImpl::newInstance@81 (line 67)
  0x000001f388886f3c: 49c1 e003 

  0x000001f388886f40: ; implicit exception: dispatches to 0x000001f388887079
                      ;*getfield modifiers {reexecute=0 rethrow=0 return_oop=0}
                      ; - java.lang.reflect.Constructor::getModifiers@1 (line 231)
                      ; - jdk.internal.reflect.NativeConstructorAccessorImpl::newInstance@84 (line 68)
  0x000001f388886f40: 418b 7020 | 4c8b 4424 | 784c 8b8c | 2490 0000 | 0048 8b94 | 2480 0000 

  0x000001f388886f58: ;*invokevirtual generateConstructor {reexecute=0 rethrow=0 return_oop=0}
                      ; - jdk.internal.reflect.NativeConstructorAccessorImpl::newInstance@87 (line 65)
  0x000001f388886f58: 0066 0f1f 

  0x000001f388886f5c: ;   {optimized virtual_call}
  0x000001f388886f5c: 4400 00e8 

  0x000001f388886f60: ; ImmutableOopMap {[112]=Oop [104]=Oop }
                      ;*invokevirtual generateConstructor {reexecute=0 rethrow=0 return_oop=0}
                      ; - jdk.internal.reflect.NativeConstructorAccessorImpl::newInstance@87 (line 65)
  0x000001f388886f60: 7102 0000 | 4883 f800 | 0f84 2900 

  0x000001f388886f6c: ;   {metadata('jdk/internal/reflect/ConstructorAccessorImpl')}
  0x000001f388886f6c: 0000 48bf | d8a8 0098 | f301 0000 | 8b70 0849 | ba00 0000 | 98f3 0100 | 0049 03f2 | 483b 7e40 
  0x000001f388886f8c: 0f85 ec00 | 0000 e900 | 0000 0048 

  0x000001f388886f98: ;*checkcast {reexecute=0 rethrow=0 return_oop=0}
                      ; - jdk.internal.reflect.NativeConstructorAccessorImpl::newInstance@90 (line 65)
  0x000001f388886f98: 8bd0 488b | 7424 6844 | 8b46 1849 

  0x000001f388886fa4: ;*getfield parent {reexecute=0 rethrow=0 return_oop=0}
                      ; - jdk.internal.reflect.NativeConstructorAccessorImpl::newInstance@95 (line 69)
  0x000001f388886fa4: c1e0 0341 | 0fbe 7f38 | 83ff 000f | 85d2 0000 | 004c 8bd2 | 49c1 ea03 

  0x000001f388886fbc: ; implicit exception: dispatches to 0x000001f3888870a7
  0x000001f388886fbc: 4589 500c | 498b f848 | 33fa 48c1 | ef15 4883 | ff00 0f85 

  0x000001f388886fd0: ;*putfield delegate {reexecute=0 rethrow=0 return_oop=0}
                      ; - jdk.internal.reflect.DelegatingConstructorAccessorImpl::setDelegate@2 (line 49)
                      ; - jdk.internal.reflect.NativeConstructorAccessorImpl::newInstance@99 (line 69)
  0x000001f388886fd0: d800 0000 | 8b56 1448 

  0x000001f388886fd8: ;*getfield c {reexecute=0 rethrow=0 return_oop=0}
                      ; - jdk.internal.reflect.NativeConstructorAccessorImpl::newInstance@114 (line 77)
  0x000001f388886fd8: c1e2 034c 

  0x000001f388886fdc: ;*invokestatic newInstance0 {reexecute=0 rethrow=0 return_oop=0}
                      ; - jdk.internal.reflect.NativeConstructorAccessorImpl::newInstance@118 (line 77)
  0x000001f388886fdc: 8b44 2470 | 0f1f 8000 

  0x000001f388886fe4: ;   {static_call}
  0x000001f388886fe4: 0000 00e8 

  0x000001f388886fe8: ; ImmutableOopMap {[112]=Oop [104]=Oop }
                      ;*invokestatic newInstance0 {reexecute=0 rethrow=0 return_oop=0}
                      ; - jdk.internal.reflect.NativeConstructorAccessorImpl::newInstance@118 (line 77)
  0x000001f388886fe8: f470 e9ff | 4881 c4b0 | 0000 005d 

  0x000001f388886ff4: ;   {poll_return}
  0x000001f388886ff4: 493b a748 | 0300 000f | 87c3 0000 

  0x000001f388887000: ;*areturn {reexecute=0 rethrow=0 return_oop=0}
                      ; - jdk.internal.reflect.NativeConstructorAccessorImpl::newInstance@121 (line 77)
  0x000001f388887000: 00c3 488b | 7424 6849 | 8b87 d803 | 0000 4d33 | d24d 8997 | d803 0000 | 4d33 d24d | 8997 e003 
  0x000001f388887020: 0000 488b | f8b8 0000 | 0000 8946 | 10f0 8344 

  0x000001f388887030: ;*putfield generated {reexecute=0 rethrow=0 return_oop=0}
                      ; - jdk.internal.reflect.NativeConstructorAccessorImpl::newInstance@108 (line 72)
  0x000001f388887030: 24c0 0048 

  0x000001f388887034: ; ImmutableOopMap {r8=Oop rsi=Oop [104]=Oop rdi=Oop rax=Oop }
                      ;*athrow {reexecute=1 rethrow=0 return_oop=0}
                      ; - (reexecute) jdk.internal.reflect.NativeConstructorAccessorImpl::newInstance@112 (line 73)
                      ;   {section_word}
  0x000001f388887034: 8bc7 48ba | 3670 8888 | f301 0000 

  0x000001f388887040: ;   {runtime_call handle_exception_nofpu Runtime1 stub}
  0x000001f388887040: e8bb 00b4 

  0x000001f388887044: ;   {runtime_call throw_null_pointer_exception Runtime1 stub}
  0x000001f388887044: ff90 e8d5 

  0x000001f388887048: ; ImmutableOopMap {rdx=Oop [104]=Oop [112]=Oop }
                      ;*invokevirtual getDeclaringClass {reexecute=0 rethrow=0 return_oop=0}
                      ; - jdk.internal.reflect.NativeConstructorAccessorImpl::newInstance@21 (line 59)
                      ;   {runtime_call throw_null_pointer_exception Runtime1 stub}
  0x000001f388887048: e8b3 ffe8 

  0x000001f38888704c: ; ImmutableOopMap {rdx=Oop [104]=Oop [112]=Oop rsi=Oop }
                      ;*invokevirtual isHidden {reexecute=0 rethrow=0 return_oop=0}
                      ; - jdk.internal.reflect.NativeConstructorAccessorImpl::newInstance@24 (line 59)
  0x000001f38888704c: d0e8 b3ff 

  0x000001f388887050: ;   {runtime_call fast_new_instance Runtime1 stub}
  0x000001f388887050: 488b d2e8 

  0x000001f388887054: ; ImmutableOopMap {[112]=Oop rbx=Oop [104]=Oop }
                      ;*new {reexecute=0 rethrow=0 return_oop=0}
                      ; - jdk.internal.reflect.NativeConstructorAccessorImpl::newInstance@52 (line 63)
  0x000001f388887054: a8f1 b3ff | e9e4 fdff 

  0x000001f38888705c: ;   {runtime_call throw_null_pointer_exception Runtime1 stub}
  0x000001f38888705c: ffe8 bee8 

  0x000001f388887060: ; ImmutableOopMap {[112]=Oop rbx=Oop [104]=Oop rax=Oop rsi=Oop }
                      ;*invokevirtual getDeclaringClass {reexecute=0 rethrow=0 return_oop=0}
                      ; - jdk.internal.reflect.NativeConstructorAccessorImpl::newInstance@63 (line 65)
  0x000001f388887060: b3ff 4889 

  0x000001f388887064: ;   {runtime_call throw_class_cast_exception Runtime1 stub}
  0x000001f388887064: 0424 e8b5 

  0x000001f388887068: ; ImmutableOopMap {[112]=Oop [120]=Oop [136]=Oop [128]=Oop [104]=Oop }
                      ;*checkcast {reexecute=0 rethrow=0 return_oop=0}
                      ; - java.lang.reflect.Constructor::getParameterTypes@7 (line 264)
                      ; - jdk.internal.reflect.NativeConstructorAccessorImpl::newInstance@70 (line 66)
                      ;   {runtime_call throw_null_pointer_exception Runtime1 stub}
  0x000001f388887068: 0cb4 ffe8 

  0x000001f38888706c: ; ImmutableOopMap {[112]=Oop [120]=Oop [128]=Oop rsi=Oop rdx=Oop [104]=Oop rdi=Oop }
                      ;*invokevirtual getExceptionTypes {reexecute=0 rethrow=0 return_oop=0}
                      ; - jdk.internal.reflect.NativeConstructorAccessorImpl::newInstance@77 (line 67)
  0x000001f38888706c: b0e8 b3ff | 4889 0424 

  0x000001f388887074: ;   {runtime_call throw_class_cast_exception Runtime1 stub}
  0x000001f388887074: e8a7 0cb4 

  0x000001f388887078: ; ImmutableOopMap {[112]=Oop [120]=Oop [128]=Oop [104]=Oop [152]=Oop [144]=Oop }
                      ;*checkcast {reexecute=0 rethrow=0 return_oop=0}
                      ; - java.lang.reflect.Constructor::getExceptionTypes@7 (line 290)
                      ; - jdk.internal.reflect.NativeConstructorAccessorImpl::newInstance@77 (line 67)
                      ;   {runtime_call throw_null_pointer_exception Runtime1 stub}
  0x000001f388887078: ffe8 a2e8 

  0x000001f38888707c: ; ImmutableOopMap {[112]=Oop [120]=Oop [128]=Oop [144]=Oop rdi=Oop rdx=Oop [104]=Oop }
                      ;*invokevirtual getModifiers {reexecute=0 rethrow=0 return_oop=0}
                      ; - jdk.internal.reflect.NativeConstructorAccessorImpl::newInstance@84 (line 68)
  0x000001f38888707c: b3ff 4889 

  0x000001f388887080: ;   {runtime_call throw_class_cast_exception Runtime1 stub}
  0x000001f388887080: 0424 e899 

  0x000001f388887084: ; ImmutableOopMap {[112]=Oop [104]=Oop }
                      ;*checkcast {reexecute=0 rethrow=0 return_oop=0}
                      ; - jdk.internal.reflect.NativeConstructorAccessorImpl::newInstance@90 (line 65)
  0x000001f388887084: 0cb4 ff41 | 8b78 0c48 | c1e7 0348 | 83ff 000f | 841c ffff | ff48 893c 

  0x000001f38888709c: ;   {runtime_call g1_pre_barrier_slow}
  0x000001f38888709c: 24e8 5e48 | b4ff e90e 

  0x000001f3888870a4: ;   {runtime_call throw_null_pointer_exception Runtime1 stub}
  0x000001f3888870a4: ffff ffe8 

  0x000001f3888870a8: ; ImmutableOopMap {[112]=Oop rdx=Oop rsi=Oop [104]=Oop r8=Oop }
                      ;*invokevirtual setDelegate {reexecute=0 rethrow=0 return_oop=0}
                      ; - jdk.internal.reflect.NativeConstructorAccessorImpl::newInstance@99 (line 69)
  0x000001f3888870a8: 74e8 b3ff | 4883 fa00 | 0f84 1eff | ffff 4c89 

  0x000001f3888870b8: ;   {runtime_call g1_post_barrier_slow}
  0x000001f3888870b8: 0424 e841 | 4eb4 ffe9 | 10ff ffff 

  0x000001f3888870c4: ;   {internal_word}
  0x000001f3888870c4: 49ba f46f | 8888 f301 | 0000 4d89 | 9760 0300 

  0x000001f3888870d4: ;   {runtime_call SafepointBlob}
  0x000001f3888870d4: 00e9 2609 

  0x000001f3888870d8: ;   {runtime_call throw_null_pointer_exception Runtime1 stub}
  0x000001f3888870d8: a9ff e841 

  0x000001f3888870dc: ; ImmutableOopMap {[112]=Oop rdx=Oop rsi=Oop [104]=Oop r8=Oop }
                      ;*invokevirtual setDelegate {reexecute=0 rethrow=0 return_oop=0}
                      ; - jdk.internal.reflect.NativeConstructorAccessorImpl::newInstance@99 (line 69)
  0x000001f3888870dc: e8b3 ff4c | 8b44 2470 | e919 ffff | ff4c 8b44 | 2470 e90f | ffff ff4c | 8b44 2470 | e905 ffff 
  0x000001f3888870fc: ff4c 8b44 | 2470 e9fb | feff ff4c | 8b44 2470 | e9f1 feff | ff4c 8b44 | 2470 e9e7 | feff ff4c 
  0x000001f38888711c: 8b44 2470 | e9dd feff | ff4c 8b44 | 2470 e9d3 | feff ff4c | 8b44 2470 | e9c9 feff | ff4c 8b44 
  0x000001f38888713c: 2470 e9bf | feff ff4c | 8b44 2470 | e9b5 feff | ff4c 8b44 | 2470 e9ab | feff ff90 | 9049 8b87 
  0x000001f38888715c: d803 0000 | 49c7 87d8 | 0300 0000 | 0000 0049 | c787 e003 | 0000 0000 | 0000 4881 | c4b0 0000 
  0x000001f38888717c: ;   {runtime_call unwind_exception Runtime1 stub}
  0x000001f38888717c: 005d e97d | d8b3 fff4 | f4f4 f4f4 | f4f4 f4f4 | f4f4 f4f4 | f4f4 f4f4 | f4f4 f4f4 | f4f4 f4f4 
  0x000001f38888719c: f4f4 f4f4 
[Stub Code]
  0x000001f3888871a0: ;   {no_reloc}
  0x000001f3888871a0: 0f1f 4400 

  0x000001f3888871a4: ;   {static_stub}
  0x000001f3888871a4: 0048 bb00 | 0000 0000 

  0x000001f3888871ac: ;   {runtime_call}
  0x000001f3888871ac: 0000 00e9 | fbff ffff 

  0x000001f3888871b4: ;   {static_stub}
  0x000001f3888871b4: 9048 bb00 | 0000 0000 

  0x000001f3888871bc: ;   {runtime_call}
  0x000001f3888871bc: 0000 00e9 | fbff ffff 

  0x000001f3888871c4: ;   {static_stub}
  0x000001f3888871c4: 9048 bb00 | 0000 0000 

  0x000001f3888871cc: ;   {runtime_call}
  0x000001f3888871cc: 0000 00e9 | fbff ffff 

  0x000001f3888871d4: ;   {static_stub}
  0x000001f3888871d4: 9048 bb38 | e858 d9f3 

  0x000001f3888871dc: ;   {runtime_call I2C/C2I adapters}
  0x000001f3888871dc: 0100 00e9 | 04e3 a6ff 

  0x000001f3888871e4: ;   {static_stub}
  0x000001f3888871e4: 9048 bb00 | 0000 0000 

  0x000001f3888871ec: ;   {runtime_call}
  0x000001f3888871ec: 0000 00e9 | fbff ffff 
[Exception Handler]
  0x000001f3888871f4: ;   {runtime_call handle_exception_from_callee Runtime1 stub}
  0x000001f3888871f4: e807 05b4 

  0x000001f3888871f8: ;   {external_word}
  0x000001f3888871f8: ff48 b900 | fac0 70fc | 7f00 0048 

  0x000001f388887204: ;   {runtime_call}
  0x000001f388887204: 83e4 f049 | ba00 8f89 | 70fc 7f00 | 0041 ffd2 

  0x000001f388887214: ;   {section_word}
  0x000001f388887214: f449 ba15 | 7288 88f3 | 0100 0041 

  0x000001f388887220: ;   {runtime_call DeoptimizationBlob}
  0x000001f388887220: 52e9 7afa | a8ff f4f4 
[/MachCode]


---------------  P R O C E S S  ---------------

Threads class SMR info:
_java_thread_list=0x000001f3e102bcb0, length=78, elements={
0x000001f3fe19b850, 0x000001f3971e4e30, 0x000001f3971e5ac0, 0x000001f3972106e0,
0x000001f397210fb0, 0x000001f397211a80, 0x000001f3972015d0, 0x000001f397203eb0,
0x000001f397219f70, 0x000001f397304640, 0x000001f39730b380, 0x000001f39730b8a0,
0x000001f39735c490, 0x000001f3973608d0, 0x000001f397382240, 0x000001f397304b50,
0x000001f397303200, 0x000001f3973022d0, 0x000001f397303c20, 0x000001f3ddcc8d20,
0x000001f3dddc4900, 0x000001f3df72f590, 0x000001f3df731e10, 0x000001f3df733250,
0x000001f3df7304c0, 0x000001f3e0603760, 0x000001f3e0602d40, 0x000001f3e05ff080,
0x000001f3e06064f0, 0x000001f3e06050b0, 0x000001f3e05ffaa0, 0x000001f3e0603250,
0x000001f3e0605fe0, 0x000001f3e0601900, 0x000001f3e0606a00, 0x000001f3e0ca6be0,
0x000001f3e0ca7b10, 0x000001f3e0ca2f20, 0x000001f3e0ca5cb0, 0x000001f3e0ca4870,
0x000001f3e0ca70f0, 0x000001f3e0ca2500, 0x000001f3e0ca4d80, 0x000001f3e0ca10c0,
0x000001f3e0ca8530, 0x000001f3e0ca8a40, 0x000001f3e0ca1ff0, 0x000001f3e1ae1fe0,
0x000001f3e1ae2a00, 0x000001f3e1ade320, 0x000001f3e1adde10, 0x000001f3e1adb590,
0x000001f3e1ae2f10, 0x000001f3e1ae0ba0, 0x000001f3e1aded40, 0x000001f3e1ade830,
0x000001f3e1adbfb0, 0x000001f3e1adbaa0, 0x000001f3e1ae0690, 0x000001f3e1adc9d0,
0x000001f3e1adf250, 0x000001f3e1adcee0, 0x000001f3e1adfc70, 0x000001f3e1e168b0,
0x000001f3e1e14f60, 0x000001f3e1e14540, 0x000001f3e1e17cf0, 0x000001f3e1e14a50,
0x000001f3e1e172d0, 0x000001f3e1e11cc0, 0x000001f3e1e15470, 0x000001f3e1e13610,
0x000001f3e1e126e0, 0x000001f3e1e18c20, 0x000001f3e1e117b0, 0x000001f3e1e19640,
0x000001f3e1e16dc0, 0x000001f3e1e15980
}

Java Threads: ( => current thread )
=>0x000001f3fe19b850 JavaThread "main" [_thread_in_vm, id=35272, stack(0x00000098d5f00000,0x00000098d6000000)]
  0x000001f3971e4e30 JavaThread "Reference Handler" daemon [_thread_blocked, id=31132, stack(0x00000098d6600000,0x00000098d6700000)]
  0x000001f3971e5ac0 JavaThread "Finalizer" daemon [_thread_blocked, id=28536, stack(0x00000098d6700000,0x00000098d6800000)]
  0x000001f3972106e0 JavaThread "Signal Dispatcher" daemon [_thread_blocked, id=17280, stack(0x00000098d6800000,0x00000098d6900000)]
  0x000001f397210fb0 JavaThread "Attach Listener" daemon [_thread_blocked, id=33640, stack(0x00000098d6900000,0x00000098d6a00000)]
  0x000001f397211a80 JavaThread "Service Thread" daemon [_thread_blocked, id=26136, stack(0x00000098d6a00000,0x00000098d6b00000)]
  0x000001f3972015d0 JavaThread "Monitor Deflation Thread" daemon [_thread_blocked, id=31912, stack(0x00000098d6b00000,0x00000098d6c00000)]
  0x000001f397203eb0 JavaThread "C1 CompilerThread0" daemon [_thread_blocked, id=27736, stack(0x00000098d6c00000,0x00000098d6d00000)]
  0x000001f397219f70 JavaThread "Sweeper thread" daemon [_thread_blocked, id=20716, stack(0x00000098d6d00000,0x00000098d6e00000)]
  0x000001f397304640 JavaThread "Common-Cleaner" daemon [_thread_blocked, id=3120, stack(0x00000098d6e00000,0x00000098d6f00000)]
  0x000001f39730b380 JavaThread "C1 CompilerThread1" daemon [_thread_blocked, id=32536, stack(0x00000098d6f00000,0x00000098d7000000)]
  0x000001f39730b8a0 JavaThread "C1 CompilerThread2" daemon [_thread_blocked, id=12248, stack(0x00000098d7000000,0x00000098d7100000)]
  0x000001f39735c490 JavaThread "JDWP Transport Listener: dt_socket" daemon [_thread_blocked, id=29212, stack(0x00000098d7100000,0x00000098d7200000)]
  0x000001f3973608d0 JavaThread "JDWP Event Helper Thread" daemon [_thread_blocked, id=1104, stack(0x00000098d7200000,0x00000098d7300000)]
  0x000001f397382240 JavaThread "JDWP Command Reader" daemon [_thread_in_native, id=33992, stack(0x00000098d7300000,0x00000098d7400000)]
  0x000001f397304b50 JavaThread "IntelliJ Suspend Helper" daemon [_thread_blocked, id=28372, stack(0x00000098d7400000,0x00000098d7500000)]
  0x000001f397303200 JavaThread "Notification Thread" daemon [_thread_blocked, id=27232, stack(0x00000098d7500000,0x00000098d7600000)]
  0x000001f3973022d0 JavaThread "RMI TCP Accept-0" daemon [_thread_in_native, id=32676, stack(0x00000098d7600000,0x00000098d7700000)]
  0x000001f397303c20 JavaThread "RMI TCP Connection(1)-192.168.43.70" daemon [_thread_in_native, id=32340, stack(0x00000098d8300000,0x00000098d8400000)]
  0x000001f3ddcc8d20 JavaThread "RMI Scheduler(0)" daemon [_thread_blocked, id=19888, stack(0x00000098d8400000,0x00000098d8500000)]
  0x000001f3dddc4900 JavaThread "C1 CompilerThread3" daemon [_thread_blocked, id=28352, stack(0x00000098d8600000,0x00000098d8700000)]
  0x000001f3df72f590 JavaThread "Dubbo-global-shared-handler-thread-1" daemon [_thread_blocked, id=33088, stack(0x00000098d8700000,0x00000098d8800000)]
  0x000001f3df731e10 JavaThread "Dubbo-global-shared-handler-thread-2" daemon [_thread_blocked, id=32904, stack(0x00000098d8c00000,0x00000098d8d00000)]
  0x000001f3df733250 JavaThread "Catalina-utility-1" [_thread_blocked, id=15260, stack(0x00000098d8d00000,0x00000098d8e00000)]
  0x000001f3df7304c0 JavaThread "Catalina-utility-2" [_thread_blocked, id=23220, stack(0x00000098d8e00000,0x00000098d8f00000)]
  0x000001f3e0603760 JavaThread "container-0" [_thread_blocked, id=32524, stack(0x00000098d8f00000,0x00000098d9000000)]
  0x000001f3e0602d40 JavaThread "com.alibaba.nacos.client.auth.ram.identify.watcher.0" daemon [_thread_blocked, id=31692, stack(0x00000098d9000000,0x00000098d9100000)]
  0x000001f3e05ff080 JavaThread "com.alibaba.nacos.client.Worker" daemon [_thread_blocked, id=30964, stack(0x00000098d9100000,0x00000098d9200000)]
  0x000001f3e06064f0 JavaThread "com.alibaba.nacos.client.Worker" daemon [_thread_blocked, id=28076, stack(0x00000098d9200000,0x00000098d9300000)]
  0x000001f3e06050b0 JavaThread "com.alibaba.nacos.client.Worker" daemon [_thread_blocked, id=33696, stack(0x00000098d9300000,0x00000098d9400000)]
  0x000001f3e05ffaa0 JavaThread "nacos.publisher-com.alibaba.nacos.common.notify.SlowEvent" daemon [_thread_blocked, id=3136, stack(0x00000098d9400000,0x00000098d9500000)]
  0x000001f3e0603250 JavaThread "com.alibaba.nacos.client.remote.worker" daemon [_thread_blocked, id=34520, stack(0x00000098d9500000,0x00000098d9600000)]
  0x000001f3e0605fe0 JavaThread "com.alibaba.nacos.client.remote.worker" daemon [_thread_blocked, id=32320, stack(0x00000098d9600000,0x00000098d9700000)]
  0x000001f3e0601900 JavaThread "grpc-nio-worker-ELG-1-1" daemon [_thread_in_native, id=31752, stack(0x00000098d9700000,0x00000098d9800000)]
  0x000001f3e0606a00 JavaThread "grpc-default-executor-0" daemon [_thread_blocked, id=10740, stack(0x00000098d9800000,0x00000098d9900000)]
  0x000001f3e0ca6be0 JavaThread "nacos-grpc-client-executor-localhost-0" daemon [_thread_blocked, id=27372, stack(0x00000098d9900000,0x00000098d9a00000)]
  0x000001f3e0ca7b10 JavaThread "nacos-grpc-client-executor-localhost-1" daemon [_thread_blocked, id=29536, stack(0x00000098d9a00000,0x00000098d9b00000)]
  0x000001f3e0ca2f20 JavaThread "grpc-nio-worker-ELG-1-2" daemon [_thread_in_native, id=32792, stack(0x00000098d9b00000,0x00000098d9c00000)]
  0x000001f3e0ca5cb0 JavaThread "nacos-grpc-client-executor-localhost-2" daemon [_thread_blocked, id=30200, stack(0x00000098d9d00000,0x00000098d9e00000)]
  0x000001f3e0ca4870 JavaThread "nacos-grpc-client-executor-localhost-3" daemon [_thread_blocked, id=10448, stack(0x00000098d9e00000,0x00000098d9f00000)]
  0x000001f3e0ca70f0 JavaThread "nacos-grpc-client-executor-localhost-4" daemon [_thread_blocked, id=28680, stack(0x00000098d9f00000,0x00000098da000000)]
  0x000001f3e0ca2500 JavaThread "nacos-grpc-client-executor-localhost-5" daemon [_thread_blocked, id=16452, stack(0x00000098da000000,0x00000098da100000)]
  0x000001f3e0ca4d80 JavaThread "nacos-grpc-client-executor-localhost-6" daemon [_thread_blocked, id=27304, stack(0x00000098da100000,0x00000098da200000)]
  0x000001f3e0ca10c0 JavaThread "nacos-grpc-client-executor-localhost-7" daemon [_thread_blocked, id=33540, stack(0x00000098da200000,0x00000098da300000)]
  0x000001f3e0ca8530 JavaThread "nacos-grpc-client-executor-localhost-8" daemon [_thread_blocked, id=32980, stack(0x00000098da300000,0x00000098da400000)]
  0x000001f3e0ca8a40 JavaThread "nacos-grpc-client-executor-localhost-9" daemon [_thread_blocked, id=24632, stack(0x00000098da400000,0x00000098da500000)]
  0x000001f3e0ca1ff0 JavaThread "nacos-grpc-client-executor-localhost-10" daemon [_thread_blocked, id=18664, stack(0x00000098da500000,0x00000098da600000)]
  0x000001f3e1ae1fe0 JavaThread "DubboMetadataReportTimer-thread-1" daemon [_thread_blocked, id=3848, stack(0x00000098da600000,0x00000098da700000)]
  0x000001f3e1ae2a00 JavaThread "com.alibaba.nacos.client.Worker" daemon [_thread_blocked, id=32444, stack(0x00000098da700000,0x00000098da800000)]
  0x000001f3e1ade320 JavaThread "com.alibaba.nacos.client.Worker" daemon [_thread_blocked, id=34696, stack(0x00000098da800000,0x00000098da900000)]
  0x000001f3e1adde10 JavaThread "com.alibaba.nacos.client.Worker" daemon [_thread_blocked, id=25580, stack(0x00000098da900000,0x00000098daa00000)]
  0x000001f3e1adb590 JavaThread "com.alibaba.nacos.client.remote.worker" daemon [_thread_blocked, id=24880, stack(0x00000098daa00000,0x00000098dab00000)]
  0x000001f3e1ae2f10 JavaThread "com.alibaba.nacos.client.remote.worker" daemon [_thread_blocked, id=25344, stack(0x00000098dab00000,0x00000098dac00000)]
  0x000001f3e1ae0ba0 JavaThread "grpc-nio-worker-ELG-1-3" daemon [_thread_in_native, id=10596, stack(0x00000098dac00000,0x00000098dad00000)]
  0x000001f3e1aded40 JavaThread "nacos-grpc-client-executor-localhost-0" daemon [_thread_blocked, id=35416, stack(0x00000098dad00000,0x00000098dae00000)]
  0x000001f3e1ade830 JavaThread "nacos-grpc-client-executor-localhost-1" daemon [_thread_blocked, id=29088, stack(0x00000098dae00000,0x00000098daf00000)]
  0x000001f3e1adbfb0 JavaThread "grpc-nio-worker-ELG-1-4" daemon [_thread_in_native, id=33764, stack(0x00000098daf00000,0x00000098db000000)]
  0x000001f3e1adbaa0 JavaThread "nacos-grpc-client-executor-localhost-2" daemon [_thread_blocked, id=20656, stack(0x00000098db000000,0x00000098db100000)]
  0x000001f3e1ae0690 JavaThread "nacos-grpc-client-executor-localhost-3" daemon [_thread_blocked, id=13704, stack(0x00000098db100000,0x00000098db200000)]
  0x000001f3e1adc9d0 JavaThread "nacos-grpc-client-executor-localhost-4" daemon [_thread_blocked, id=34352, stack(0x00000098db200000,0x00000098db300000)]
  0x000001f3e1adf250 JavaThread "nacos-grpc-client-executor-localhost-5" daemon [_thread_blocked, id=25200, stack(0x00000098db300000,0x00000098db400000)]
  0x000001f3e1adcee0 JavaThread "nacos-grpc-client-executor-localhost-6" daemon [_thread_blocked, id=6252, stack(0x00000098db400000,0x00000098db500000)]
  0x000001f3e1adfc70 JavaThread "spring.cloud.inetutils" daemon [_thread_blocked, id=15680, stack(0x00000098db500000,0x00000098db600000)]
  0x000001f3e1e168b0 JavaThread "http-nio-auto-1-exec-1" daemon [_thread_blocked, id=33308, stack(0x00000098db600000,0x00000098db700000)]
  0x000001f3e1e14f60 JavaThread "http-nio-auto-1-exec-2" daemon [_thread_blocked, id=18692, stack(0x00000098db700000,0x00000098db800000)]
  0x000001f3e1e14540 JavaThread "http-nio-auto-1-exec-3" daemon [_thread_blocked, id=11076, stack(0x00000098db800000,0x00000098db900000)]
  0x000001f3e1e17cf0 JavaThread "http-nio-auto-1-exec-4" daemon [_thread_blocked, id=29428, stack(0x00000098db900000,0x00000098dba00000)]
  0x000001f3e1e14a50 JavaThread "http-nio-auto-1-exec-5" daemon [_thread_blocked, id=6500, stack(0x00000098dba00000,0x00000098dbb00000)]
  0x000001f3e1e172d0 JavaThread "http-nio-auto-1-exec-6" daemon [_thread_blocked, id=21848, stack(0x00000098dbb00000,0x00000098dbc00000)]
  0x000001f3e1e11cc0 JavaThread "http-nio-auto-1-exec-7" daemon [_thread_blocked, id=32624, stack(0x00000098dbc00000,0x00000098dbd00000)]
  0x000001f3e1e15470 JavaThread "http-nio-auto-1-exec-8" daemon [_thread_blocked, id=30656, stack(0x00000098dbd00000,0x00000098dbe00000)]
  0x000001f3e1e13610 JavaThread "http-nio-auto-1-exec-9" daemon [_thread_blocked, id=4876, stack(0x00000098dbe00000,0x00000098dbf00000)]
  0x000001f3e1e126e0 JavaThread "http-nio-auto-1-exec-10" daemon [_thread_blocked, id=34776, stack(0x00000098dbf00000,0x00000098dc000000)]
  0x000001f3e1e18c20 JavaThread "http-nio-auto-1-Poller" daemon [_thread_in_native, id=15372, stack(0x00000098dc000000,0x00000098dc100000)]
  0x000001f3e1e117b0 JavaThread "http-nio-auto-1-Acceptor" daemon [_thread_in_native, id=3844, stack(0x00000098dc100000,0x00000098dc200000)]
  0x000001f3e1e19640 JavaThread "nacos.publisher-com.alibaba.nacos.client.naming.event.InstancesChangeEvent" daemon [_thread_blocked, id=17972, stack(0x00000098dc200000,0x00000098dc300000)]
  0x000001f3e1e16dc0 JavaThread "com.alibaba.nacos.naming.failover" daemon [_thread_blocked, id=29396, stack(0x00000098dc300000,0x00000098dc400000)]
  0x000001f3e1e15980 JavaThread "com.alibaba.nacos.client.naming.security" daemon [_thread_blocked, id=31524, stack(0x00000098dc400000,0x00000098dc500000)]

Other Threads:
  0x000001f3971da8c0 VMThread "VM Thread" [stack: 0x00000098d6500000,0x00000098d6600000] [id=14260]
  0x000001f3dd59dcf0 WatcherThread [stack: 0x00000098d7700000,0x00000098d7800000] [id=10060]
  0x000001f3ffcc4610 GCTaskThread "GC Thread#0" [stack: 0x00000098d6000000,0x00000098d6100000] [id=27320]
  0x000001f3dd456d10 GCTaskThread "GC Thread#1" [stack: 0x00000098d7800000,0x00000098d7900000] [id=2452]
  0x000001f3dd457290 GCTaskThread "GC Thread#2" [stack: 0x00000098d7900000,0x00000098d7a00000] [id=18728]
  0x000001f3dd456fd0 GCTaskThread "GC Thread#3" [stack: 0x00000098d7a00000,0x00000098d7b00000] [id=35828]
  0x000001f3dd455190 GCTaskThread "GC Thread#4" [stack: 0x00000098d7b00000,0x00000098d7c00000] [id=31724]
  0x000001f3dd455710 GCTaskThread "GC Thread#5" [stack: 0x00000098d7c00000,0x00000098d7d00000] [id=27980]
  0x000001f3dd457810 GCTaskThread "GC Thread#6" [stack: 0x00000098d7d00000,0x00000098d7e00000] [id=32652]
  0x000001f3dd457d90 GCTaskThread "GC Thread#7" [stack: 0x00000098d7e00000,0x00000098d7f00000] [id=31428]
  0x000001f3dd458050 GCTaskThread "GC Thread#8" [stack: 0x00000098d7f00000,0x00000098d8000000] [id=13192]
  0x000001f3dd4559d0 GCTaskThread "GC Thread#9" [stack: 0x00000098d8000000,0x00000098d8100000] [id=29168]
  0x000001f3dd4585d0 GCTaskThread "GC Thread#10" [stack: 0x00000098d8100000,0x00000098d8200000] [id=16156]
  0x000001f3dd458310 GCTaskThread "GC Thread#11" [stack: 0x00000098d8200000,0x00000098d8300000] [id=34652]
  0x000001f3de1b1b30 GCTaskThread "GC Thread#12" [stack: 0x00000098d8500000,0x00000098d8600000] [id=31276]
  0x000001f3ffd3f670 ConcurrentGCThread "G1 Main Marker" [stack: 0x00000098d6100000,0x00000098d6200000] [id=35324]
  0x000001f3ffd44760 ConcurrentGCThread "G1 Conc#0" [stack: 0x00000098d6200000,0x00000098d6300000] [id=13268]
  0x000001f3de1b0d70 ConcurrentGCThread "G1 Conc#1" [stack: 0x00000098d8800000,0x00000098d8900000] [id=21692]
  0x000001f3de1b20b0 ConcurrentGCThread "G1 Conc#2" [stack: 0x00000098d8900000,0x00000098d8a00000] [id=28488]
  0x000001f3ffe10230 ConcurrentGCThread "G1 Refine#0" [stack: 0x00000098d6300000,0x00000098d6400000] [id=24268]
  0x000001f3ffe10c60 ConcurrentGCThread "G1 Service" [stack: 0x00000098d6400000,0x00000098d6500000] [id=34196]

Threads with active compile tasks:

VM state: not at safepoint (normal execution)

VM Mutex/Monitor currently owned by a thread:  ([mutex/lock_event])
[0x000001f3ffca5ba0] Metaspace_lock - owner thread: 0x000001f3fe19b850

Heap address: 0x0000000724e00000, size: 3506 MB, Compressed Oops mode: Zero based, Oop shift amount: 3

CDS archive(s) mapped at: [0x000001f398000000-0x000001f398bb0000-0x000001f398bb0000), size 12255232, SharedBaseAddress: 0x000001f398000000, ArchiveRelocationMode: 1.
Compressed class space mapped at: 0x000001f399000000-0x000001f3d9000000, reserved size: 1073741824
Narrow klass base: 0x000001f398000000, Narrow klass shift: 0, Narrow klass range: 0x100000000

GC Precious Log:
 CPUs: 16 total, 16 available
 Memory: 14020M
 Large Page Support: Disabled
 NUMA Support: Disabled
 Compressed Oops: Enabled (Zero based)
 Heap Region Size: 2M
 Heap Min Capacity: 8M
 Heap Initial Capacity: 220M
 Heap Max Capacity: 3506M
 Pre-touch: Disabled
 Parallel Workers: 13
 Concurrent Workers: 3
 Concurrent Refinement Workers: 13
 Periodic GC: Disabled

Heap:
 garbage-first heap   total 75776K, used 32259K [0x0000000724e00000, 0x0000000800000000)
  region size 2048K, 6 young (12288K), 3 survivors (6144K)
 Metaspace       used 58355K, committed 58816K, reserved 1114112K
  class space    used 7703K, committed 7936K, reserved 1048576K

Heap Regions: E=young(eden), S=young(survivor), O=old, HS=humongous(starts), HC=humongous(continues), CS=collection set, F=free, OA=open archive, CA=closed archive, TAMS=top-at-mark-start (previous, next)
|   0|0x0000000724e00000, 0x0000000725000000, 0x0000000725000000|100%| O|  |TAMS 0x0000000725000000, 0x0000000724e00000| Untracked 
|   1|0x0000000725000000, 0x0000000725200000, 0x0000000725200000|100%| O|  |TAMS 0x0000000725200000, 0x0000000725000000| Untracked 
|   2|0x0000000725200000, 0x0000000725400000, 0x0000000725400000|100%| O|  |TAMS 0x0000000725400000, 0x0000000725200000| Untracked 
|   3|0x0000000725400000, 0x0000000725600000, 0x0000000725600000|100%| O|  |TAMS 0x0000000725400000, 0x0000000725400000| Untracked 
|   4|0x0000000725600000, 0x0000000725800000, 0x0000000725800000|100%| O|  |TAMS 0x0000000725800000, 0x0000000725600000| Untracked 
|   5|0x0000000725800000, 0x0000000725a00000, 0x0000000725a00000|100%| O|  |TAMS 0x0000000725a00000, 0x0000000725800000| Untracked 
|   6|0x0000000725a00000, 0x0000000725c00000, 0x0000000725c00000|100%| O|  |TAMS 0x0000000725c00000, 0x0000000725a00000| Untracked 
|   7|0x0000000725c00000, 0x0000000725c59400, 0x0000000725e00000| 17%| O|  |TAMS 0x0000000725c00000, 0x0000000725c00000| Untracked 
|   8|0x0000000725e00000, 0x0000000726000000, 0x0000000726000000|100%| O|  |TAMS 0x0000000725e00000, 0x0000000725e00000| Untracked 
|   9|0x0000000726000000, 0x0000000726200000, 0x0000000726200000|100%| O|  |TAMS 0x0000000726000000, 0x0000000726000000| Untracked 
|  10|0x0000000726200000, 0x0000000726400000, 0x0000000726400000|100%| O|  |TAMS 0x0000000726200000, 0x0000000726200000| Untracked 
|  11|0x0000000726400000, 0x0000000726600000, 0x0000000726600000|100%| O|  |TAMS 0x0000000726400000, 0x0000000726400000| Untracked 
|  12|0x0000000726600000, 0x0000000726600000, 0x0000000726800000|  0%| F|  |TAMS 0x0000000726600000, 0x0000000726600000| Untracked 
|  13|0x0000000726800000, 0x0000000726800000, 0x0000000726a00000|  0%| F|  |TAMS 0x0000000726800000, 0x0000000726800000| Untracked 
|  14|0x0000000726a00000, 0x0000000726a00000, 0x0000000726c00000|  0%| F|  |TAMS 0x0000000726a00000, 0x0000000726a00000| Untracked 
|  15|0x0000000726c00000, 0x0000000726c00000, 0x0000000726e00000|  0%| F|  |TAMS 0x0000000726c00000, 0x0000000726c00000| Untracked 
|  16|0x0000000726e00000, 0x0000000726e00000, 0x0000000727000000|  0%| F|  |TAMS 0x0000000726e00000, 0x0000000726e00000| Untracked 
|  17|0x0000000727000000, 0x0000000727127ac8, 0x0000000727200000| 57%| S|CS|TAMS 0x0000000727000000, 0x0000000727000000| Complete 
|  18|0x0000000727200000, 0x0000000727200000, 0x0000000727400000|  0%| F|  |TAMS 0x0000000727200000, 0x0000000727200000| Untracked 
|  19|0x0000000727400000, 0x0000000727400000, 0x0000000727600000|  0%| F|  |TAMS 0x0000000727400000, 0x0000000727400000| Untracked 
|  20|0x0000000727600000, 0x0000000727800000, 0x0000000727800000|100%| S|CS|TAMS 0x0000000727600000, 0x0000000727600000| Complete 
|  21|0x0000000727800000, 0x0000000727a00000, 0x0000000727a00000|100%| S|CS|TAMS 0x0000000727800000, 0x0000000727800000| Complete 
|  22|0x0000000727a00000, 0x0000000727a00000, 0x0000000727c00000|  0%| F|  |TAMS 0x0000000727a00000, 0x0000000727a00000| Untracked 
|  23|0x0000000727c00000, 0x0000000727c00000, 0x0000000727e00000|  0%| F|  |TAMS 0x0000000727c00000, 0x0000000727c00000| Untracked 
|  24|0x0000000727e00000, 0x0000000727e00000, 0x0000000728000000|  0%| F|  |TAMS 0x0000000727e00000, 0x0000000727e00000| Untracked 
|  25|0x0000000728000000, 0x0000000728000000, 0x0000000728200000|  0%| F|  |TAMS 0x0000000728000000, 0x0000000728000000| Untracked 
|  26|0x0000000728200000, 0x0000000728200000, 0x0000000728400000|  0%| F|  |TAMS 0x0000000728200000, 0x0000000728200000| Untracked 
|  27|0x0000000728400000, 0x0000000728400000, 0x0000000728600000|  0%| F|  |TAMS 0x0000000728400000, 0x0000000728400000| Untracked 
|  28|0x0000000728600000, 0x0000000728600000, 0x0000000728800000|  0%| F|  |TAMS 0x0000000728600000, 0x0000000728600000| Untracked 
|  29|0x0000000728800000, 0x0000000728800000, 0x0000000728a00000|  0%| F|  |TAMS 0x0000000728800000, 0x0000000728800000| Untracked 
|  30|0x0000000728a00000, 0x0000000728a00000, 0x0000000728c00000|  0%| F|  |TAMS 0x0000000728a00000, 0x0000000728a00000| Untracked 
|  31|0x0000000728c00000, 0x0000000728c00000, 0x0000000728e00000|  0%| F|  |TAMS 0x0000000728c00000, 0x0000000728c00000| Untracked 
|  32|0x0000000728e00000, 0x0000000728e00000, 0x0000000729000000|  0%| F|  |TAMS 0x0000000728e00000, 0x0000000728e00000| Untracked 
|  41|0x000000072a000000, 0x000000072a000000, 0x000000072a200000|  0%| F|  |TAMS 0x000000072a000000, 0x000000072a000000| Untracked 
|  42|0x000000072a200000, 0x000000072a384ff8, 0x000000072a400000| 75%| E|  |TAMS 0x000000072a200000, 0x000000072a200000| Complete 
|  43|0x000000072a400000, 0x000000072a600000, 0x000000072a600000|100%| E|CS|TAMS 0x000000072a400000, 0x000000072a400000| Complete 
| 109|0x0000000732800000, 0x0000000732a00000, 0x0000000732a00000|100%| E|CS|TAMS 0x0000000732800000, 0x0000000732800000| Complete 

Card table byte_map: [0x000001f38c680000,0x000001f38cd60000] _byte_map_base: 0x000001f388d59000

Marking Bits (Prev, Next): (CMBitMap*) 0x000001f3ffd100c0, (CMBitMap*) 0x000001f3ffd10100
 Prev Bits: [0x000001f38d440000, 0x000001f390b08000)
 Next Bits: [0x000001f390b10000, 0x000001f3941d8000)

Polling page: 0x000001f3fe210000

Metaspace:

Usage:
  Non-class:     49.46 MB used.
      Class:      7.52 MB used.
       Both:     56.99 MB used.

Virtual space:
  Non-class space:       64.00 MB reserved,      49.69 MB ( 78%) committed,  1 nodes.
      Class space:        1.00 GB reserved,       7.75 MB ( <1%) committed,  1 nodes.
             Both:        1.06 GB reserved,      57.44 MB (  5%) committed. 

Chunk freelists:
   Non-Class:  14.30 MB
       Class:  8.19 MB
        Both:  22.48 MB

MaxMetaspaceSize: unlimited
CompressedClassSpaceSize: 1.00 GB
Initial GC threshold: 21.00 MB
Current GC threshold: 58.88 MB
CDS: on
MetaspaceReclaimPolicy: balanced
 - commit_granule_bytes: 65536.
 - commit_granule_words: 8192.
 - virtual_space_node_default_size: 8388608.
 - enlarge_chunks_in_place: 1.
 - new_chunks_are_fully_committed: 0.
 - uncommit_free_chunks: 1.
 - use_allocation_guard: 0.
 - handle_deallocations: 1.


Internal statistics:

num_allocs_failed_limit: 6.
num_arena_births: 720.
num_arena_deaths: 0.
num_vsnodes_births: 2.
num_vsnodes_deaths: 0.
num_space_committed: 919.
num_space_uncommitted: 0.
num_chunks_returned_to_freelist: 6.
num_chunks_taken_from_freelist: 2631.
num_chunk_merges: 6.
num_chunk_splits: 1923.
num_chunks_enlarged: 1524.
num_inconsistent_stats: 0.

CodeCache: size=49152Kb used=14368Kb max_used=14368Kb free=34783Kb
 bounds [0x000001f3882c0000, 0x000001f3890d0000, 0x000001f38b2c0000]
 total_blobs=6170 nmethods=5533 adapters=561
 compilation: enabled
              stopped_count=0, restarted_count=0
 full_count=0

Compilation events (20 events):
Event: 8.868 Thread 0x000001f3dddc4900 5525       1       java.lang.invoke.DelegatingMethodHandle$Holder::delegate (25 bytes)
Event: 8.868 Thread 0x000001f397203eb0 5526   !   1       java.lang.invoke.StringConcatFactory::makeConcatWithConstants (251 bytes)
Event: 8.868 Thread 0x000001f39730b380 5527       1       java.lang.invoke.StringConcatFactory::generateMHInlineCopy (622 bytes)
Event: 8.868 Thread 0x000001f39730b8a0 5528       1       java.lang.invoke.MethodHandles::filterArgumentsWithCombiner (9 bytes)
Event: 8.869 Thread 0x000001f3dddc4900 nmethod 5525 0x000001f3890be310 code [0x000001f3890be4c0, 0x000001f3890be648]
Event: 8.869 Thread 0x000001f3dddc4900 5529       1       java.lang.invoke.LambdaFormEditor::filterArgumentsForm (74 bytes)
Event: 8.869 Thread 0x000001f39730b8a0 nmethod 5528 0x000001f3890be810 code [0x000001f3890be9a0, 0x000001f3890bea88]
Event: 8.869 Thread 0x000001f3dddc4900 nmethod 5529 0x000001f3890beb90 code [0x000001f3890bed60, 0x000001f3890bef38]
Event: 8.869 Thread 0x000001f3dddc4900 5530       1       java.util.Collections$UnmodifiableMap::isEmpty (10 bytes)
Event: 8.870 Thread 0x000001f3dddc4900 nmethod 5530 0x000001f3890bf110 code [0x000001f3890bf2c0, 0x000001f3890bf3c8]
Event: 8.870 Thread 0x000001f397203eb0 nmethod 5526 0x000001f3890bf490 code [0x000001f3890bf8a0, 0x000001f3890c0c88]
Event: 8.871 Thread 0x000001f39730b380 nmethod 5527 0x000001f3890c2610 code [0x000001f3890c2aa0, 0x000001f3890c48e8]
Event: 8.880 Thread 0x000001f39730b380 5531       1       java.util.concurrent.Executors::callable (22 bytes)
Event: 8.880 Thread 0x000001f397203eb0 5532       1       java.util.concurrent.Executors$RunnableAdapter::<init> (15 bytes)
Event: 8.880 Thread 0x000001f397203eb0 nmethod 5532 0x000001f3890c6a10 code [0x000001f3890c6ba0, 0x000001f3890c6d18]
Event: 8.880 Thread 0x000001f39730b380 nmethod 5531 0x000001f3890c6e10 code [0x000001f3890c6fc0, 0x000001f3890c7248]
Event: 8.880 Thread 0x000001f39730b380 5533       1       java.util.concurrent.FutureTask::<init> (23 bytes)
Event: 8.880 Thread 0x000001f39730b380 nmethod 5533 0x000001f3890c7410 code [0x000001f3890c75e0, 0x000001f3890c7ad8]
Event: 8.883 Thread 0x000001f39730b8a0 5534       1       java.lang.String::split (7 bytes)
Event: 8.884 Thread 0x000001f39730b8a0 nmethod 5534 0x000001f3890c7e10 code [0x000001f3890c7fa0, 0x000001f3890c80a8]

GC Heap History (20 events):
Event: 3.429 GC heap before
{Heap before GC invocations=5 (full 0):
 garbage-first heap   total 55296K, used 14905K [0x0000000724e00000, 0x0000000800000000)
  region size 2048K, 3 young (6144K), 2 survivors (4096K)
 Metaspace       used 26191K, committed 26560K, reserved 1114112K
  class space    used 3412K, committed 3584K, reserved 1048576K
}
Event: 3.435 GC heap after
{Heap after GC invocations=6 (full 0):
 garbage-first heap   total 55296K, used 13336K [0x0000000724e00000, 0x0000000800000000)
  region size 2048K, 1 young (2048K), 1 survivors (2048K)
 Metaspace       used 26191K, committed 26560K, reserved 1114112K
  class space    used 3412K, committed 3584K, reserved 1048576K
}
Event: 3.726 GC heap before
{Heap before GC invocations=6 (full 0):
 garbage-first heap   total 55296K, used 33816K [0x0000000724e00000, 0x0000000800000000)
  region size 2048K, 11 young (22528K), 1 survivors (2048K)
 Metaspace       used 28463K, committed 28800K, reserved 1114112K
  class space    used 3748K, committed 3904K, reserved 1048576K
}
Event: 3.731 GC heap after
{Heap after GC invocations=7 (full 0):
 garbage-first heap   total 55296K, used 14595K [0x0000000724e00000, 0x0000000800000000)
  region size 2048K, 1 young (2048K), 1 survivors (2048K)
 Metaspace       used 28463K, committed 28800K, reserved 1114112K
  class space    used 3748K, committed 3904K, reserved 1048576K
}
Event: 4.059 GC heap before
{Heap before GC invocations=7 (full 0):
 garbage-first heap   total 55296K, used 37123K [0x0000000724e00000, 0x0000000800000000)
  region size 2048K, 12 young (24576K), 1 survivors (2048K)
 Metaspace       used 30181K, committed 30528K, reserved 1114112K
  class space    used 4006K, committed 4160K, reserved 1048576K
}
Event: 4.064 GC heap after
{Heap after GC invocations=8 (full 0):
 garbage-first heap   total 141312K, used 15464K [0x0000000724e00000, 0x0000000800000000)
  region size 2048K, 2 young (4096K), 2 survivors (4096K)
 Metaspace       used 30181K, committed 30528K, reserved 1114112K
  class space    used 4006K, committed 4160K, reserved 1048576K
}
Event: 4.946 GC heap before
{Heap before GC invocations=8 (full 0):
 garbage-first heap   total 141312K, used 64616K [0x0000000724e00000, 0x0000000800000000)
  region size 2048K, 27 young (55296K), 2 survivors (4096K)
 Metaspace       used 35672K, committed 36096K, reserved 1114112K
  class space    used 4716K, committed 4928K, reserved 1048576K
}
Event: 4.955 GC heap after
{Heap after GC invocations=9 (full 0):
 garbage-first heap   total 141312K, used 18376K [0x0000000724e00000, 0x0000000800000000)
  region size 2048K, 3 young (6144K), 3 survivors (6144K)
 Metaspace       used 35672K, committed 36096K, reserved 1114112K
  class space    used 4716K, committed 4928K, reserved 1048576K
}
Event: 5.865 GC heap before
{Heap before GC invocations=10 (full 0):
 garbage-first heap   total 75776K, used 57288K [0x0000000724e00000, 0x0000000800000000)
  region size 2048K, 22 young (45056K), 3 survivors (6144K)
 Metaspace       used 40402K, committed 40832K, reserved 1114112K
  class space    used 5369K, committed 5568K, reserved 1048576K
}
Event: 5.873 GC heap after
{Heap after GC invocations=11 (full 0):
 garbage-first heap   total 75776K, used 21493K [0x0000000724e00000, 0x0000000800000000)
  region size 2048K, 3 young (6144K), 3 survivors (6144K)
 Metaspace       used 40402K, committed 40832K, reserved 1114112K
  class space    used 5369K, committed 5568K, reserved 1048576K
}
Event: 5.927 GC heap before
{Heap before GC invocations=11 (full 0):
 garbage-first heap   total 75776K, used 23541K [0x0000000724e00000, 0x0000000800000000)
  region size 2048K, 4 young (8192K), 3 survivors (6144K)
 Metaspace       used 40615K, committed 41152K, reserved 1114112K
  class space    used 5395K, committed 5632K, reserved 1048576K
}
Event: 5.931 GC heap after
{Heap after GC invocations=12 (full 0):
 garbage-first heap   total 75776K, used 21939K [0x0000000724e00000, 0x0000000800000000)
  region size 2048K, 1 young (2048K), 1 survivors (2048K)
 Metaspace       used 40615K, committed 41152K, reserved 1114112K
  class space    used 5395K, committed 5632K, reserved 1048576K
}
Event: 6.723 GC heap before
{Heap before GC invocations=12 (full 0):
 garbage-first heap   total 75776K, used 54707K [0x0000000724e00000, 0x0000000800000000)
  region size 2048K, 17 young (34816K), 1 survivors (2048K)
 Metaspace       used 45685K, committed 46208K, reserved 1114112K
  class space    used 6107K, committed 6336K, reserved 1048576K
}
Event: 6.725 GC heap after
{Heap after GC invocations=13 (full 0):
 garbage-first heap   total 75776K, used 23069K [0x0000000724e00000, 0x0000000800000000)
  region size 2048K, 2 young (4096K), 2 survivors (4096K)
 Metaspace       used 45685K, committed 46208K, reserved 1114112K
  class space    used 6107K, committed 6336K, reserved 1048576K
}
Event: 7.357 GC heap before
{Heap before GC invocations=13 (full 0):
 garbage-first heap   total 75776K, used 53789K [0x0000000724e00000, 0x0000000800000000)
  region size 2048K, 18 young (36864K), 2 survivors (4096K)
 Metaspace       used 51567K, committed 52032K, reserved 1114112K
  class space    used 6778K, committed 6976K, reserved 1048576K
}
Event: 7.359 GC heap after
{Heap after GC invocations=14 (full 0):
 garbage-first heap   total 75776K, used 24623K [0x0000000724e00000, 0x0000000800000000)
  region size 2048K, 2 young (4096K), 2 survivors (4096K)
 Metaspace       used 51567K, committed 52032K, reserved 1114112K
  class space    used 6778K, committed 6976K, reserved 1048576K
}
Event: 7.824 GC heap before
{Heap before GC invocations=14 (full 0):
 garbage-first heap   total 75776K, used 55343K [0x0000000724e00000, 0x0000000800000000)
  region size 2048K, 18 young (36864K), 2 survivors (4096K)
 Metaspace       used 55217K, committed 55744K, reserved 1114112K
  class space    used 7262K, committed 7552K, reserved 1048576K
}
Event: 7.827 GC heap after
{Heap after GC invocations=15 (full 0):
 garbage-first heap   total 75776K, used 25948K [0x0000000724e00000, 0x0000000800000000)
  region size 2048K, 2 young (4096K), 2 survivors (4096K)
 Metaspace       used 55217K, committed 55744K, reserved 1114112K
  class space    used 7262K, committed 7552K, reserved 1048576K
}
Event: 8.802 GC heap before
{Heap before GC invocations=15 (full 0):
 garbage-first heap   total 75776K, used 56668K [0x0000000724e00000, 0x0000000800000000)
  region size 2048K, 17 young (34816K), 2 survivors (4096K)
 Metaspace       used 57764K, committed 58304K, reserved 1114112K
  class space    used 7625K, committed 7872K, reserved 1048576K
}
Event: 8.805 GC heap after
{Heap after GC invocations=16 (full 0):
 garbage-first heap   total 75776K, used 28163K [0x0000000724e00000, 0x0000000800000000)
  region size 2048K, 3 young (6144K), 3 survivors (6144K)
 Metaspace       used 57764K, committed 58304K, reserved 1114112K
  class space    used 7625K, committed 7872K, reserved 1048576K
}

Dll operation events (12 events):
Event: 0.022 Loaded shared library F:\software\Eclipse Adoptium\jdk-17.0.17.10-hotspot\bin\java.dll
Event: 0.024 Loaded shared library F:\software\Eclipse Adoptium\jdk-17.0.17.10-hotspot\bin\zip.dll
Event: 0.047 Loaded shared library F:\software\Eclipse Adoptium\jdk-17.0.17.10-hotspot\bin\jsvml.dll
Event: 0.529 Loaded shared library F:\software\Eclipse Adoptium\jdk-17.0.17.10-hotspot\bin\instrument.dll
Event: 0.609 Loaded shared library F:\software\Eclipse Adoptium\jdk-17.0.17.10-hotspot\bin\jimage.dll
Event: 0.633 Loaded shared library F:\software\Eclipse Adoptium\jdk-17.0.17.10-hotspot\bin\net.dll
Event: 0.635 Loaded shared library F:\software\Eclipse Adoptium\jdk-17.0.17.10-hotspot\bin\nio.dll
Event: 0.653 Loaded shared library F:\software\Eclipse Adoptium\jdk-17.0.17.10-hotspot\bin\zip.dll
Event: 0.833 Loaded shared library F:\software\Eclipse Adoptium\jdk-17.0.17.10-hotspot\bin\management.dll
Event: 0.858 Loaded shared library F:\software\Eclipse Adoptium\jdk-17.0.17.10-hotspot\bin\management_ext.dll
Event: 1.320 Loaded shared library F:\software\Eclipse Adoptium\jdk-17.0.17.10-hotspot\bin\extnet.dll
Event: 3.333 Loaded shared library F:\software\Eclipse Adoptium\jdk-17.0.17.10-hotspot\bin\sunmscapi.dll

Deoptimization events (20 events):
Event: 8.807 Thread 0x000001f3fe19b850 DEOPT PACKING pc=0x000001f388cd6594 sp=0x00000098d5ffdca0
Event: 8.807 Thread 0x000001f3fe19b850 DEOPT UNPACKING pc=0x000001f388317143 sp=0x00000098d5ffd1f8 mode 1
Event: 8.815 Thread 0x000001f3fe19b850 DEOPT PACKING pc=0x000001f388724664 sp=0x00000098d5ffda10
Event: 8.815 Thread 0x000001f3fe19b850 DEOPT UNPACKING pc=0x000001f388317143 sp=0x00000098d5ffcea8 mode 1
Event: 8.815 Thread 0x000001f3fe19b850 DEOPT PACKING pc=0x000001f38872061c sp=0x00000098d5ffdae0
Event: 8.815 Thread 0x000001f3fe19b850 DEOPT UNPACKING pc=0x000001f388317143 sp=0x00000098d5ffcf98 mode 1
Event: 8.815 Thread 0x000001f3fe19b850 DEOPT PACKING pc=0x000001f38882dcfc sp=0x00000098d5ffe4c0
Event: 8.815 Thread 0x000001f3fe19b850 DEOPT UNPACKING pc=0x000001f388317143 sp=0x00000098d5ffd998 mode 1
Event: 8.815 Thread 0x000001f3fe19b850 DEOPT PACKING pc=0x000001f388b52bdc sp=0x00000098d5ffe560
Event: 8.815 Thread 0x000001f3fe19b850 DEOPT UNPACKING pc=0x000001f388317143 sp=0x00000098d5ffdae0 mode 1
Event: 8.816 Thread 0x000001f3fe19b850 DEOPT PACKING pc=0x000001f388b0bbfc sp=0x00000098d5ffe9f0
Event: 8.816 Thread 0x000001f3fe19b850 DEOPT UNPACKING pc=0x000001f388317143 sp=0x00000098d5ffdf50 mode 1
Event: 8.816 Thread 0x000001f3fe19b850 DEOPT PACKING pc=0x000001f3890982b4 sp=0x00000098d5ffeb10
Event: 8.816 Thread 0x000001f3fe19b850 DEOPT UNPACKING pc=0x000001f388317143 sp=0x00000098d5ffdfd0 mode 1
Event: 8.843 Thread 0x000001f3fe19b850 DEOPT PACKING pc=0x000001f3890abefc sp=0x00000098d5ffe7a0
Event: 8.843 Thread 0x000001f3fe19b850 DEOPT UNPACKING pc=0x000001f388317143 sp=0x00000098d5ffdc60 mode 1
Event: 8.844 Thread 0x000001f3fe19b850 DEOPT PACKING pc=0x000001f3890abefc sp=0x00000098d5ffe6b0
Event: 8.844 Thread 0x000001f3fe19b850 DEOPT UNPACKING pc=0x000001f388317143 sp=0x00000098d5ffdb70 mode 1
Event: 8.846 Thread 0x000001f3fe19b850 DEOPT PACKING pc=0x000001f3890abefc sp=0x00000098d5ffe7a0
Event: 8.846 Thread 0x000001f3fe19b850 DEOPT UNPACKING pc=0x000001f388317143 sp=0x00000098d5ffdc60 mode 1

Classes loaded (20 events):
Event: 8.882 Loading class com/alibaba/nacos/api/exception/runtime/NacosLoadException
Event: 8.882 Loading class com/alibaba/nacos/api/exception/runtime/NacosLoadException done
Event: 8.882 Loading class com/alibaba/nacos/client/naming/event/ServerListChangedEvent
Event: 8.882 Loading class com/alibaba/nacos/client/naming/event/ServerListChangedEvent done
Event: 8.883 Loading class com/alibaba/nacos/client/naming/remote/http/NamingHttpClientManager
Event: 8.883 Loading class com/alibaba/nacos/client/naming/remote/http/NamingHttpClientManager done
Event: 8.883 Loading class com/alibaba/nacos/client/naming/remote/http/NamingHttpClientManager$NamingHttpClientFactory
Event: 8.883 Loading class com/alibaba/nacos/client/naming/remote/http/NamingHttpClientManager$NamingHttpClientFactory done
Event: 8.883 Loading class com/alibaba/nacos/client/naming/remote/http/NamingHttpClientManager$NamingHttpClientManagerInstance
Event: 8.883 Loading class com/alibaba/nacos/client/naming/remote/http/NamingHttpClientManager$NamingHttpClientManagerInstance done
Event: 8.884 Loading class com/alibaba/nacos/client/naming/remote/NamingClientProxyDelegate
Event: 8.884 Loading class com/alibaba/nacos/client/naming/remote/NamingClientProxyDelegate done
Event: 8.884 Loading class com/alibaba/nacos/client/constant/Constants$Security
Event: 8.884 Loading class com/alibaba/nacos/client/constant/Constants$Security done
Event: 8.885 Loading class com/alibaba/nacos/client/naming/remote/http/NamingHttpClientProxy
Event: 8.885 Loading class com/alibaba/nacos/client/naming/remote/http/NamingHttpClientProxy done
Event: 8.885 Loading class com/alibaba/nacos/client/naming/remote/AbstractNamingClientProxy
Event: 8.886 Loading class com/alibaba/nacos/client/naming/remote/AbstractNamingClientProxy done
Event: 8.886 Loading class com/alibaba/nacos/client/naming/remote/http/NamingHttpClientProxy$1
Event: 8.886 Loading class com/alibaba/nacos/client/naming/remote/http/NamingHttpClientProxy$1 done

Classes unloaded (0 events):
No events

Classes redefined (1 events):
Event: 0.558 Thread 0x000001f3971da8c0 redefined class name=java.lang.Throwable, count=1

Internal exceptions (20 events):
Event: 7.720 Thread 0x000001f3fe19b850 Exception <a 'java/lang/ClassNotFoundException'{0x000000072858b290}: org/apache/dubbo/config/AbstractMethodConfigBeanInfo> (0x000000072858b290) 
thrown [s\src\hotspot\share\classfile\systemDictionary.cpp, line 256]
Event: 7.721 Thread 0x000001f3fe19b850 Exception <a 'java/lang/ClassNotFoundException'{0x0000000728591f20}: org/apache/dubbo/config/AbstractMethodConfigCustomizer> (0x0000000728591f20) 
thrown [s\src\hotspot\share\classfile\systemDictionary.cpp, line 256]
Event: 7.722 Thread 0x000001f3fe19b850 Exception <a 'java/lang/ClassNotFoundException'{0x00000007285b39f8}: org/apache/dubbo/config/AbstractInterfaceConfigCustomizer> (0x00000007285b39f8) 
thrown [s\src\hotspot\share\classfile\systemDictionary.cpp, line 256]
Event: 7.723 Thread 0x000001f3fe19b850 Exception <a 'java/lang/ClassNotFoundException'{0x00000007285fb498}: org/apache/dubbo/config/AbstractServiceConfigCustomizer> (0x00000007285fb498) 
thrown [s\src\hotspot\share\classfile\systemDictionary.cpp, line 256]
Event: 7.725 Thread 0x000001f3fe19b850 Exception <a 'java/lang/ClassNotFoundException'{0x0000000728241778}: org/apache/dubbo/config/ProviderConfigCustomizer> (0x0000000728241778) 
thrown [s\src\hotspot\share\classfile\systemDictionary.cpp, line 256]
Event: 7.728 Thread 0x000001f3fe19b850 Exception <a 'java/lang/ClassNotFoundException'{0x000000072830bc68}: org/apache/dubbo/config/ConsumerConfigBeanInfo> (0x000000072830bc68) 
thrown [s\src\hotspot\share\classfile\systemDictionary.cpp, line 256]
Event: 7.729 Thread 0x000001f3fe19b850 Exception <a 'java/lang/ClassNotFoundException'{0x0000000728312a90}: org/apache/dubbo/config/AbstractReferenceConfigBeanInfo> (0x0000000728312a90) 
thrown [s\src\hotspot\share\classfile\systemDictionary.cpp, line 256]
Event: 7.729 Thread 0x000001f3fe19b850 Exception <a 'java/lang/ClassNotFoundException'{0x00000007283198d0}: org/apache/dubbo/config/AbstractReferenceConfigCustomizer> (0x00000007283198d0) 
thrown [s\src\hotspot\share\classfile\systemDictionary.cpp, line 256]
Event: 7.730 Thread 0x000001f3fe19b850 Exception <a 'java/lang/ClassNotFoundException'{0x00000007283536e8}: org/apache/dubbo/config/ConsumerConfigCustomizer> (0x00000007283536e8) 
thrown [s\src\hotspot\share\classfile\systemDictionary.cpp, line 256]
Event: 7.733 Thread 0x000001f3fe19b850 Exception <a 'java/lang/ClassNotFoundException'{0x00000007283e9e70}: org/apache/dubbo/config/ModuleConfigBeanInfo> (0x00000007283e9e70) 
thrown [s\src\hotspot\share\classfile\systemDictionary.cpp, line 256]
Event: 7.733 Thread 0x000001f3fe19b850 Exception <a 'java/lang/ClassNotFoundException'{0x00000007283f0918}: org/apache/dubbo/config/ModuleConfigCustomizer> (0x00000007283f0918) 
thrown [s\src\hotspot\share\classfile\systemDictionary.cpp, line 256]
Event: 7.758 Thread 0x000001f3fe19b850 Exception <a 'java/lang/ClassNotFoundException'{0x0000000727d798c8}: org/apache/dubbo/config/MetadataReportConfigBeanInfo> (0x0000000727d798c8) 
thrown [s\src\hotspot\share\classfile\systemDictionary.cpp, line 256]
Event: 7.758 Thread 0x000001f3fe19b850 Exception <a 'java/lang/ClassNotFoundException'{0x0000000727d80558}: org/apache/dubbo/config/MetadataReportConfigCustomizer> (0x0000000727d80558) 
thrown [s\src\hotspot\share\classfile\systemDictionary.cpp, line 256]
Event: 7.859 Thread 0x000001f3fe19b850 Exception <a 'java/lang/NoSuchMethodError'{0x000000072a431398}: 'int java.lang.invoke.DirectMethodHandle$Holder.invokeStaticInit(java.lang.Object, java.lang.Object, java.lang.Object, java.lang.Object)'> (0x000000072a431398) 
thrown [s\src\hotspot\share\interpreter\linkResolver.cpp, line 759]
Event: 8.019 Thread 0x000001f3fe19b850 Exception <a 'java/lang/NoSuchMethodError'{0x000000072a2f1d40}: 'void java.lang.invoke.DirectMethodHandle$Holder.invokeVirtual(java.lang.Object, java.lang.Object, long)'> (0x000000072a2f1d40) 
thrown [s\src\hotspot\share\interpreter\linkResolver.cpp, line 759]
Event: 8.032 Thread 0x000001f3fe19b850 Exception <a 'java/lang/NoSuchMethodError'{0x000000072a3bb290}: 'int java.lang.invoke.DirectMethodHandle$Holder.invokeStaticInit(java.lang.Object, int, java.lang.Object, java.lang.Object, java.lang.Object, java.lang.Object)'> (0x000000072a3bb290) 
thrown [s\src\hotspot\share\interpreter\linkResolver.cpp, line 759]
Event: 8.061 Thread 0x000001f3fe19b850 Exception <a 'java/lang/NoSuchMethodError'{0x000000072a136c28}: 'java.lang.Object java.lang.invoke.DirectMethodHandle$Holder.invokeInterface(java.lang.Object, java.lang.Object, java.lang.Object, java.lang.Object)'> (0x000000072a136c28) 
thrown [s\src\hotspot\share\interpreter\linkResolver.cpp, line 759]
Event: 8.223 Thread 0x000001f3fe19b850 Exception <a 'java/lang/IncompatibleClassChangeError'{0x00000007288eb620}: Found class java.lang.Object, but interface was expected> (0x00000007288eb620) 
thrown [s\src\hotspot\share\interpreter\linkResolver.cpp, line 826]
Event: 8.554 Thread 0x000001f3fe19b850 Exception <a 'java/lang/NoSuchMethodError'{0x000000072819e298}: 'int java.lang.invoke.DirectMethodHandle$Holder.invokeStatic(java.lang.Object, java.lang.Object, java.lang.Object, java.lang.Object, java.lang.Object)'> (0x000000072819e298) 
thrown [s\src\hotspot\share\interpreter\linkResolver.cpp, line 759]
Event: 8.852 Thread 0x000001f3fe19b850 Exception <a 'java/lang/NoSuchMethodError'{0x000000072a4cff28}: 'java.lang.Object java.lang.invoke.DirectMethodHandle$Holder.newInvokeSpecial(java.lang.Object, java.lang.Object, int, java.lang.Object, java.lang.Object)'> (0x000000072a4cff28) 
thrown [s\src\hotspot\share\interpreter\linkResolver.cpp, line 759]

VM Operations (20 events):
Event: 7.416 Executing VM operation: HandshakeAllThreads
Event: 7.416 Executing VM operation: HandshakeAllThreads done
Event: 7.437 Executing VM operation: HandshakeAllThreads
Event: 7.437 Executing VM operation: HandshakeAllThreads done
Event: 7.824 Executing VM operation: G1CollectForAllocation
Event: 7.827 Executing VM operation: G1CollectForAllocation done
Event: 8.086 Executing VM operation: HandshakeAllThreads
Event: 8.086 Executing VM operation: HandshakeAllThreads done
Event: 8.166 Executing VM operation: HandshakeAllThreads
Event: 8.166 Executing VM operation: HandshakeAllThreads done
Event: 8.230 Executing VM operation: HandshakeAllThreads
Event: 8.230 Executing VM operation: HandshakeAllThreads done
Event: 8.258 Executing VM operation: HandshakeAllThreads
Event: 8.258 Executing VM operation: HandshakeAllThreads done
Event: 8.753 Executing VM operation: ICBufferFull
Event: 8.753 Executing VM operation: ICBufferFull done
Event: 8.802 Executing VM operation: G1CollectForAllocation
Event: 8.805 Executing VM operation: G1CollectForAllocation done
Event: 8.834 Executing VM operation: HandshakeAllThreads
Event: 8.834 Executing VM operation: HandshakeAllThreads done

Memory protections (0 events):
No events

Nmethod flushes (0 events):
No events

Events (20 events):
Event: 8.257 Thread 0x000001f397303c20 Thread added: 0x000001f3e1add900
Event: 8.259 Thread 0x000001f3e1add900 Thread exited: 0x000001f3e1add900
Event: 8.474 Thread 0x000001f3fe19b850 Thread added: 0x000001f3e1adfc70
Event: 8.763 Thread 0x000001f397303c20 Thread added: 0x000001f3e1e13100
Event: 8.767 Thread 0x000001f3e1e13100 Thread exited: 0x000001f3e1e13100
Event: 8.858 Thread 0x000001f3fe19b850 Thread added: 0x000001f3e1e168b0
Event: 8.859 Thread 0x000001f3fe19b850 Thread added: 0x000001f3e1e14f60
Event: 8.859 Thread 0x000001f3fe19b850 Thread added: 0x000001f3e1e14540
Event: 8.859 Thread 0x000001f3fe19b850 Thread added: 0x000001f3e1e17cf0
Event: 8.859 Thread 0x000001f3fe19b850 Thread added: 0x000001f3e1e14a50
Event: 8.859 Thread 0x000001f3fe19b850 Thread added: 0x000001f3e1e172d0
Event: 8.859 Thread 0x000001f3fe19b850 Thread added: 0x000001f3e1e11cc0
Event: 8.860 Thread 0x000001f3fe19b850 Thread added: 0x000001f3e1e15470
Event: 8.860 Thread 0x000001f3fe19b850 Thread added: 0x000001f3e1e13610
Event: 8.860 Thread 0x000001f3fe19b850 Thread added: 0x000001f3e1e126e0
Event: 8.864 Thread 0x000001f3fe19b850 Thread added: 0x000001f3e1e18c20
Event: 8.866 Thread 0x000001f3fe19b850 Thread added: 0x000001f3e1e117b0
Event: 8.878 Thread 0x000001f3fe19b850 Thread added: 0x000001f3e1e19640
Event: 8.880 Thread 0x000001f3fe19b850 Thread added: 0x000001f3e1e16dc0
Event: 8.885 Thread 0x000001f3fe19b850 Thread added: 0x000001f3e1e15980


Dynamic libraries:
0x00007ff79bad0000 - 0x00007ff79bade000 	F:\software\Eclipse Adoptium\jdk-17.0.17.10-hotspot\bin\java.exe
0x00007ffcaa330000 - 0x00007ffcaa548000 	C:\WINDOWS\SYSTEM32\ntdll.dll
0x00007ffca8ce0000 - 0x00007ffca8da4000 	C:\WINDOWS\System32\KERNEL32.DLL
0x00007ffca7850000 - 0x00007ffca7c23000 	C:\WINDOWS\System32\KERNELBASE.dll
0x00007ffca7eb0000 - 0x00007ffca7fc1000 	C:\WINDOWS\System32\ucrtbase.dll
0x00007ffc7db00000 - 0x00007ffc7db18000 	F:\software\Eclipse Adoptium\jdk-17.0.17.10-hotspot\bin\jli.dll
0x00007ffc71020000 - 0x00007ffc7103e000 	F:\software\Eclipse Adoptium\jdk-17.0.17.10-hotspot\bin\VCRUNTIME140.dll
0x00007ffcaa0a0000 - 0x00007ffcaa252000 	C:\WINDOWS\System32\USER32.dll
0x00007ffca7820000 - 0x00007ffca7846000 	C:\WINDOWS\System32\win32u.dll
0x00007ffca8260000 - 0x00007ffca8289000 	C:\WINDOWS\System32\GDI32.dll
0x00007ffc8dd00000 - 0x00007ffc8df9c000 	C:\WINDOWS\WinSxS\amd64_microsoft.windows.common-controls_6595b64144ccf1df_6.0.22621.6060_none_2712eda17382d24b\COMCTL32.dll
0x00007ffca7700000 - 0x00007ffca781b000 	C:\WINDOWS\System32\gdi32full.dll
0x00007ffca97b0000 - 0x00007ffca9857000 	C:\WINDOWS\System32\msvcrt.dll
0x00007ffca7440000 - 0x00007ffca74da000 	C:\WINDOWS\System32\msvcp_win.dll
0x00007ffca8720000 - 0x00007ffca8751000 	C:\WINDOWS\System32\IMM32.DLL
0x00007ffc70fe0000 - 0x00007ffc70fec000 	F:\software\Eclipse Adoptium\jdk-17.0.17.10-hotspot\bin\vcruntime140_1.dll
0x00007ffc70f50000 - 0x00007ffc70fdd000 	F:\software\Eclipse Adoptium\jdk-17.0.17.10-hotspot\bin\msvcp140.dll
0x00007ffc702e0000 - 0x00007ffc70f4b000 	F:\software\Eclipse Adoptium\jdk-17.0.17.10-hotspot\bin\server\jvm.dll
0x00007ffca98c0000 - 0x00007ffca9971000 	C:\WINDOWS\System32\ADVAPI32.dll
0x00007ffca9e40000 - 0x00007ffca9ee8000 	C:\WINDOWS\System32\sechost.dll
0x00007ffca74e0000 - 0x00007ffca7508000 	C:\WINDOWS\System32\bcrypt.dll
0x00007ffca8600000 - 0x00007ffca8718000 	C:\WINDOWS\System32\RPCRT4.dll
0x00007ffca8770000 - 0x00007ffca87e1000 	C:\WINDOWS\System32\WS2_32.dll
0x00007ffca6270000 - 0x00007ffca62bd000 	C:\WINDOWS\SYSTEM32\POWRPROF.dll
0x00007ffc9c6c0000 - 0x00007ffc9c6ca000 	C:\WINDOWS\SYSTEM32\VERSION.dll
0x00007ffca12b0000 - 0x00007ffca12e4000 	C:\WINDOWS\SYSTEM32\WINMM.dll
0x00007ffca6230000 - 0x00007ffca6243000 	C:\WINDOWS\SYSTEM32\UMPDC.dll
0x00007ffca64d0000 - 0x00007ffca64e8000 	C:\WINDOWS\SYSTEM32\kernel.appcore.dll
0x00007ffc70090000 - 0x00007ffc7009a000 	F:\software\Eclipse Adoptium\jdk-17.0.17.10-hotspot\bin\jimage.dll
0x00007ffca4a40000 - 0x00007ffca4c73000 	C:\WINDOWS\SYSTEM32\DBGHELP.DLL
0x00007ffca9980000 - 0x00007ffca9d11000 	C:\WINDOWS\System32\combase.dll
0x00007ffca82b0000 - 0x00007ffca8388000 	C:\WINDOWS\System32\OLEAUT32.dll
0x00007ffc8bf80000 - 0x00007ffc8bfb2000 	C:\WINDOWS\SYSTEM32\dbgcore.DLL
0x00007ffca7680000 - 0x00007ffca76fb000 	C:\WINDOWS\System32\bcryptPrimitives.dll
0x00007ffc901e0000 - 0x00007ffc9021b000 	F:\software\Eclipse Adoptium\jdk-17.0.17.10-hotspot\bin\jdwp.dll
0x00007ffc8f4a0000 - 0x00007ffc8f4ae000 	F:\software\Eclipse Adoptium\jdk-17.0.17.10-hotspot\bin\instrument.dll
0x00007ffc6fe80000 - 0x00007ffc6fea5000 	F:\software\Eclipse Adoptium\jdk-17.0.17.10-hotspot\bin\java.dll
0x00007ffc22ae0000 - 0x00007ffc22cf1000 	C:\Users\86150\AppData\Local\Temp\idea_libasyncProfiler_dll_temp_folder7\libasyncProfiler.dll
0x00007ffc6e0a0000 - 0x00007ffc6e0b8000 	F:\software\Eclipse Adoptium\jdk-17.0.17.10-hotspot\bin\zip.dll
0x00007ffc6ea90000 - 0x00007ffc6eb67000 	F:\software\Eclipse Adoptium\jdk-17.0.17.10-hotspot\bin\jsvml.dll
0x00007ffca8db0000 - 0x00007ffca964c000 	C:\WINDOWS\System32\SHELL32.dll
0x00007ffca7d70000 - 0x00007ffca7eaf000 	C:\WINDOWS\System32\wintypes.dll
0x00007ffca5300000 - 0x00007ffca5c1a000 	C:\WINDOWS\SYSTEM32\windows.storage.dll
0x00007ffca96a0000 - 0x00007ffca97a4000 	C:\WINDOWS\System32\SHCORE.dll
0x00007ffca8c70000 - 0x00007ffca8cd9000 	C:\WINDOWS\System32\shlwapi.dll
0x00007ffca7370000 - 0x00007ffca7395000 	C:\WINDOWS\SYSTEM32\profapi.dll
0x00007ffc901d0000 - 0x00007ffc901dc000 	F:\software\Eclipse Adoptium\jdk-17.0.17.10-hotspot\bin\dt_socket.dll
0x00007ffca5f30000 - 0x00007ffca5f5d000 	C:\WINDOWS\SYSTEM32\IPHLPAPI.DLL
0x00007ffca69a0000 - 0x00007ffca6a09000 	C:\WINDOWS\system32\mswsock.dll
0x00007ffc6e0e0000 - 0x00007ffc6e0fa000 	F:\software\Eclipse Adoptium\jdk-17.0.17.10-hotspot\bin\net.dll
0x00007ffca2c20000 - 0x00007ffca2d4c000 	C:\WINDOWS\SYSTEM32\WINHTTP.dll
0x00007ffc6e0c0000 - 0x00007ffc6e0d6000 	F:\software\Eclipse Adoptium\jdk-17.0.17.10-hotspot\bin\nio.dll
0x00007ffca5f60000 - 0x00007ffca6058000 	C:\WINDOWS\SYSTEM32\DNSAPI.dll
0x00007ffca8760000 - 0x00007ffca8769000 	C:\WINDOWS\System32\NSI.dll
0x00007ffca2a00000 - 0x00007ffca2a0a000 	C:\Windows\System32\rasadhlp.dll
0x00007ffca17b0000 - 0x00007ffca1834000 	C:\WINDOWS\System32\fwpuclnt.dll
0x00007ffc5f610000 - 0x00007ffc5f61a000 	F:\software\Eclipse Adoptium\jdk-17.0.17.10-hotspot\bin\management.dll
0x00007ffc5edf0000 - 0x00007ffc5edfc000 	F:\software\Eclipse Adoptium\jdk-17.0.17.10-hotspot\bin\management_ext.dll
0x00007ffca8140000 - 0x00007ffca8148000 	C:\WINDOWS\System32\PSAPI.DLL
0x00007ffca6bd0000 - 0x00007ffca6beb000 	C:\WINDOWS\SYSTEM32\CRYPTSP.dll
0x00007ffca6430000 - 0x00007ffca6467000 	C:\WINDOWS\system32\rsaenh.dll
0x00007ffca6a40000 - 0x00007ffca6a68000 	C:\WINDOWS\SYSTEM32\USERENV.dll
0x00007ffca6ba0000 - 0x00007ffca6bac000 	C:\WINDOWS\SYSTEM32\CRYPTBASE.dll
0x00007ffca2840000 - 0x00007ffca2859000 	C:\WINDOWS\SYSTEM32\dhcpcsvc6.DLL
0x00007ffca2790000 - 0x00007ffca27af000 	C:\WINDOWS\SYSTEM32\dhcpcsvc.DLL
0x00007ffc78c50000 - 0x00007ffc78c67000 	C:\WINDOWS\system32\napinsp.dll
0x00007ffc78380000 - 0x00007ffc7839b000 	C:\WINDOWS\system32\pnrpnsp.dll
0x00007ffc80200000 - 0x00007ffc80211000 	C:\WINDOWS\System32\winrnr.dll
0x00007ffca1260000 - 0x00007ffca1275000 	C:\WINDOWS\system32\wshbth.dll
0x00007ffc77aa0000 - 0x00007ffc77ac1000 	C:\WINDOWS\system32\nlansp_c.dll
0x00007ffc74ee0000 - 0x00007ffc74ee9000 	F:\software\Eclipse Adoptium\jdk-17.0.17.10-hotspot\bin\extnet.dll
0x00007ffca48d0000 - 0x00007ffca48dd000 	C:\WINDOWS\SYSTEM32\WINNSI.DLL
0x00007ffc7b5c0000 - 0x00007ffc7b5ce000 	F:\software\Eclipse Adoptium\jdk-17.0.17.10-hotspot\bin\sunmscapi.dll
0x00007ffca7510000 - 0x00007ffca7678000 	C:\WINDOWS\System32\CRYPT32.dll
0x00007ffca6e00000 - 0x00007ffca6e2e000 	C:\WINDOWS\SYSTEM32\ncrypt.dll
0x00007ffca6dc0000 - 0x00007ffca6df7000 	C:\WINDOWS\SYSTEM32\NTASN1.dll
0x00007ffc6bc60000 - 0x00007ffc6bc68000 	C:\WINDOWS\system32\wshunix.dll

dbghelp: loaded successfully - version: 4.0.5 - missing functions: none
symbol engine: initialized successfully - sym options: 0x614 - pdb path: .;F:\software\Eclipse Adoptium\jdk-17.0.17.10-hotspot\bin;C:\WINDOWS\SYSTEM32;C:\WINDOWS\WinSxS\amd64_microsoft.windows.common-controls_6595b64144ccf1df_6.0.22621.6060_none_2712eda17382d24b;F:\software\Eclipse Adoptium\jdk-17.0.17.10-hotspot\bin\server;C:\Users\86150\AppData\Local\Temp\idea_libasyncProfiler_dll_temp_folder7

VM Arguments:
jvm_args: -agentlib:jdwp=transport=dt_socket,address=127.0.0.1:51360,suspend=y,server=n -javaagent:C:\Users\86150\AppData\Local\JetBrains\IntelliJIdea2025.2\captureAgent\debugger-agent.jar=file:///C:/Users/86150/AppData/Local/Temp/capture852989452311310030.props -agentpath:C:\Users\86150\AppData\Local\Temp\idea_libasyncProfiler_dll_temp_folder7\libasyncProfiler.dll=version,jfr,event=wall,interval=10ms,cstack=no,file=C:\Users\86150\IdeaSnapshots\FileServerApplication_2026_04_10_163942.jfr,dbghelppath=C:\Users\86150\AppData\Local\Temp\idea_dbghelp_dll_temp_folder\dbghelp.dll,log=C:\Users\86150\AppData\Local\Temp\FileServerApplication_2026_04_10_163942.jfr.log.txt,logLevel=DEBUG -XX:TieredStopAtLevel=1 -Dspring.output.ansi.enabled=always -Dcom.sun.management.jmxremote -Dspring.jmx.enabled=true -Dspring.liveBeansView.mbeanDomain -Dspring.application.admin.enabled=true -Dmanagement.endpoints.jmx.exposure.include=* -Dkotlinx.coroutines.debug.enable.creation.stack.trace=false -Ddebugger.agent.enable.coroutines=true -Dkotlinx.coroutines.debug.enable.flows.stack.trace=true -Dkotlinx.coroutines.debug.enable.mutable.state.flows.stack.trace=true -Dfile.encoding=UTF-8 
java_command: com.liuyi.file.FileServerApplication
java_class_path (initial): F:\GraduationProject\backend\file-server\target\classes;F:\software\maven\.m2\repository\org\springframework\boot\spring-boot-starter-validation\3.5.11\spring-boot-starter-validation-3.5.11.jar;F:\software\maven\.m2\repository\org\springframework\boot\spring-boot-starter\3.5.11\spring-boot-starter-3.5.11.jar;F:\software\maven\.m2\repository\org\springframework\boot\spring-boot\3.5.11\spring-boot-3.5.11.jar;F:\software\maven\.m2\repository\org\springframework\boot\spring-boot-autoconfigure\3.5.11\spring-boot-autoconfigure-3.5.11.jar;F:\software\maven\.m2\repository\org\springframework\boot\spring-boot-starter-logging\3.5.11\spring-boot-starter-logging-3.5.11.jar;F:\software\maven\.m2\repository\ch\qos\logback\logback-classic\1.5.32\logback-classic-1.5.32.jar;F:\software\maven\.m2\repository\ch\qos\logback\logback-core\1.5.32\logback-core-1.5.32.jar;F:\software\maven\.m2\repository\org\apache\logging\log4j\log4j-to-slf4j\2.24.3\log4j-to-slf4j-2.24.3.jar;F:\software\maven\.m2\repository\org\apache\logging\log4j\log4j-api\2.24.3\log4j-api-2.24.3.jar;F:\software\maven\.m2\repository\org\slf4j\jul-to-slf4j\2.0.17\jul-to-slf4j-2.0.17.jar;F:\software\maven\.m2\repository\jakarta\annotation\jakarta.annotation-api\2.1.1\jakarta.annotation-api-2.1.1.jar;F:\software\maven\.m2\repository\org\apache\tomcat\embed\tomcat-embed-el\10.1.52\tomcat-embed-el-10.1.52.jar;F:\software\maven\.m2\repository\org\hibernate\validator\hibernate-validator\8.0.3.Final\hibernate-validator-8.0.3.Final.jar;F:\software\maven\.m2\repository\jakarta\validation\jakarta.validation-api\3.0.2\jakarta.validation-api-3.0.2.jar;F:\software\maven\.m2\repository\org\jboss\logging\jboss-logging\3.6.2.Final\jboss-logging-3.6.2.Final.jar;F:\software\maven\.m2\repository\com\fasterxml\classmate\1.7.3\classmate-1.7.3.jar;F:\software\maven\.m2\repository\org\openapitools\jackson-databind-nullable\0.2.6\jackson-databind-nullable-0.2.6.jar;F:\software\maven\.m2\repository\com\fasterxml\jacks
Launcher Type: SUN_STANDARD

[Global flags]
     intx CICompilerCount                          = 12                                        {product} {ergonomic}
     uint ConcGCThreads                            = 3                                         {product} {ergonomic}
     uint G1ConcRefinementThreads                  = 13                                        {product} {ergonomic}
   size_t G1HeapRegionSize                         = 2097152                                   {product} {ergonomic}
    uintx GCDrainStackTargetSize                   = 64                                        {product} {ergonomic}
   size_t InitialHeapSize                          = 230686720                                 {product} {ergonomic}
     bool ManagementServer                         = true                                      {product} {command line}
   size_t MarkStackSize                            = 4194304                                   {product} {ergonomic}
   size_t MaxHeapSize                              = 3676307456                                {product} {ergonomic}
   size_t MaxNewSize                               = 2204106752                                {product} {ergonomic}
   size_t MinHeapDeltaBytes                        = 2097152                                   {product} {ergonomic}
   size_t MinHeapSize                              = 8388608                                   {product} {ergonomic}
    uintx NonProfiledCodeHeapSize                  = 0                                      {pd product} {ergonomic}
     bool ProfileInterpreter                       = false                                  {pd product} {command line}
    uintx ProfiledCodeHeapSize                     = 0                                      {pd product} {ergonomic}
   size_t SoftMaxHeapSize                          = 3676307456                             {manageable} {ergonomic}
     intx TieredStopAtLevel                        = 1                                         {product} {command line}
     bool UseCompressedClassPointers               = true                           {product lp64_product} {ergonomic}
     bool UseCompressedOops                        = true                           {product lp64_product} {ergonomic}
     bool UseG1GC                                  = true                                      {product} {ergonomic}
     bool UseLargePagesIndividualAllocation        = false                                  {pd product} {ergonomic}

Logging:
Log output configuration:
 #0: stdout all=warning uptime,level,tags
 #1: stderr all=off uptime,level,tags

Environment Variables:
JAVA_HOME=F:\software\Eclipse Adoptium\jdk-17.0.17.10-hotspot
CLASSPATH=.;F:\software\Eclipse Adoptium\jdk-17.0.17.10-hotspot\lib\dt.jar;F:\software\Eclipse Adoptium\jdk-17.0.17.10-hotspot\lib\tools.jar
PATH=C:\WINDOWS;C:\WINDOWS\System32\Wbem;C:\WINDOWS\System32\WindowsPowerShell\v1.0\;C:\WINDOWS\System32\OpenSSH\;D:\tools\Git\cmd;D:\tools\TortoiseGit\bin;D:\Java\jdk1.8.0_251\bin;D:\Java\apache-tomcat-8.5.87\bin;C:\Program Files\Common Files\Autodesk Shared\;D:\XShell8\;F:\software\QT\6.5.3\mingw_64\bin;F:\software\EasyShare\x86\;F:\software\EasyShare\x64\;C:\Users\86150\Downloads\cmake-3.31.10-windows-x86_64\cmake-3.31.10-windows-x86_64\bin;C:\Users\86150\Downloads\PowerShell-7.5.4-win-x64;F:\GraduationProject\component\protoc-25.5-win64\bin;F:\software\Eclipse Adoptium\jdk-17.0.17.10-hotspot\bin;C:\Windows\System32;F:\software\QT\Tools\mingw1120_64\bin;F:\software\QT\6.5.3\msvc2019_64\bin;C:\Users\86150\.local\bin;D:\tools\Python\Python311\Scripts\;D:\tools\Python\Python311\;C:\Users\86150\AppData\Local\Microsoft\WindowsApps;F:\software\Microsoft VS Code\bin;D:\software\MySQL\MySQLServer 8.0\bin;C:\Users\86150\AppData\Local\Programs\Fiddler;D:\software\Qt5.14.2\5.14.2\mingw73_64\bin;D:\software\Qt5.14.2\Tools\mingw730_64\bin;F:\software\Microsoft VS Code\;F:\develops\DataGrip 2024.3.4\bin;D:\software\GoLand 2024.3.5\bin;F:\software\IntelliJ IDEA 2025.2.4\bin;F:\software\CLion 2025.2.5\bin;C:\Users\86150\AppData\Local\Programs\Ollama;C:\Users\86150\AppData\Local\Programs\nacos-setup;C:\Users\86150\AppData\Local\Programs\nacos-cli
USERNAME=86150
OS=Windows_NT
PROCESSOR_IDENTIFIER=AMD64 Family 25 Model 68 Stepping 1, AuthenticAMD
TMP=C:\Users\86150\AppData\Local\Temp
TEMP=C:\Users\86150\AppData\Local\Temp



Periodic native trim disabled


---------------  S Y S T E M  ---------------

OS:
 Windows 11 , 64 bit Build 22621 (10.0.22621.5415)
OS uptime: 0 days 7:03 hours
Hyper-V role detected

CPU: total 16 (initial active 16) (16 cores per cpu, 2 threads per core) family 25 model 68 stepping 1 microcode 0x0, cx8, cmov, fxsr, ht, mmx, 3dnowpref, sse, sse2, sse3, ssse3, sse4a, sse4.1, sse4.2, popcnt, lzcnt, tsc, tscinvbit, avx, avx2, aes, erms, clmul, bmi1, bmi2, adx, sha, fma, vzeroupper, clflush, clflushopt, hv
Processor Information for processor 0
  Max Mhz: 3201, Current Mhz: 2566, Mhz Limit: 3201
Processor Information for processor 1
  Max Mhz: 3201, Current Mhz: 2566, Mhz Limit: 3201
Processor Information for processor 2
  Max Mhz: 3201, Current Mhz: 2566, Mhz Limit: 3201
Processor Information for processor 3
  Max Mhz: 3201, Current Mhz: 2566, Mhz Limit: 3201
Processor Information for processor 4
  Max Mhz: 3201, Current Mhz: 2566, Mhz Limit: 3201
Processor Information for processor 5
  Max Mhz: 3201, Current Mhz: 2566, Mhz Limit: 3201
Processor Information for processor 6
  Max Mhz: 3201, Current Mhz: 3172, Mhz Limit: 3201
Processor Information for processor 7
  Max Mhz: 3201, Current Mhz: 2566, Mhz Limit: 3201
Processor Information for processor 8
  Max Mhz: 3201, Current Mhz: 2566, Mhz Limit: 3201
Processor Information for processor 9
  Max Mhz: 3201, Current Mhz: 2566, Mhz Limit: 3201
Processor Information for processor 10
  Max Mhz: 3201, Current Mhz: 3172, Mhz Limit: 3201
Processor Information for processor 11
  Max Mhz: 3201, Current Mhz: 2566, Mhz Limit: 3201
Processor Information for processor 12
  Max Mhz: 3201, Current Mhz: 2566, Mhz Limit: 3201
Processor Information for processor 13
  Max Mhz: 3201, Current Mhz: 3172, Mhz Limit: 3201
Processor Information for processor 14
  Max Mhz: 3201, Current Mhz: 2566, Mhz Limit: 3201
Processor Information for processor 15
  Max Mhz: 3201, Current Mhz: 2566, Mhz Limit: 3201

Memory: 4k page, system-wide physical 14020M (520M free)
TotalPageFile size 42784M (AvailPageFile size 0M)
current process WorkingSet (physical memory assigned to process): 272M, peak: 272M
current process commit charge ("private bytes"): 336M, peak: 384M

vm_info: OpenJDK 64-Bit Server VM (17.0.17+10) for windows-amd64 JRE (17.0.17+10), built on Oct 21 2025 23:25:32 by "admin" with unknown MS VC++:1942

END.
